Id,Project,Reporter,Assigned To,Priority,Severity,Reproducibility,Product Version,Category,Date Submitted,OS,OS Version,Platform,View Status,Updated,Summary,Status,Resolution,Fixed in Version
0002055,QA31,Ovsiannikov,,low,text,always,,General,2024-08-29,,,,public,2024-08-29,"Не полные результаты (выдача) поиска, при вводе поиска на РУ и ENG",new,open,
0002054,QA31,Ovsiannikov,,low,text,always,,General,2024-08-29,,,,public,2024-08-29,"Разные результаты (выдача) поиска, при вводе на разной локализации ввода",new,open,
0002053,QA31,Ovsiannikov,,low,text,sometimes,,General,2024-08-29,,,,public,2024-08-29,"Не корректный поиск по сайту, на РУ языке не находит",new,open,
0002052,QA31,Ovsiannikov,,low,text,always,,General,2024-08-29,,,,public,2024-08-29,Некорректная локализация в  разделе - ЛЕНТА сайта,new,open,
0002051,QA31,Ovsiannikov,,normal,tweak,sometimes,,General,2024-08-29,,,,public,2024-08-29,При переходе в данную страницу (проект) пропадают кнопки навигации на другие проекты (2),new,open,
0002050,QA31,Ovsiannikov,,normal,tweak,sometimes,,General,2024-08-29,,,,public,2024-08-29,При переходе в данную страницу (проект) пропадают кнопки навигации на другие проекты,new,open,
0002049,QA31,Ovsiannikov,,normal,text,sometimes,,General,2024-08-28,,,,public,2024-08-28,"Проект ""Мой дом 2024"" не заполнено содержание в РУ локализации",new,open,
0002048,QA31,Ovsiannikov,,low,trivial,always,,General,2024-08-28,,,,public,2024-08-28,Наложение постороннего элемента на страницу,new,open,
0002046,QA31,Ovsiannikov,,normal,tweak,always,,General,2024-08-28,,,,public,2024-08-28,Не верный адрес при переходе на гугл карты,new,open,
0002047,QA31,Ovsiannikov,,low,trivial,always,,General,2024-08-28,,,,public,2024-08-28,"Не выделены гиперссылки, не понятно что они там есть для возможности перехода",new,open,
0002045,QA31,Ovsiannikov,,low,text,always,,General,2024-08-22,,,,public,2024-08-22,"Сброс локализации (Французский) сайта, на (Английский) при переходе в раздел Développeurs > Catalogue de logiciels",new,open,
0002044,QA31,Ovsiannikov,,normal,text,always,,General,2024-08-22,,,,public,2024-08-22,"Сброс локализации (Португальский) сайта, на (Английский) при переходе в раздел Desenvolvedores > Ferramentas de Desenvolvimento",new,open,
0002043,QA31,Ovsiannikov,,low,text,always,,General,2024-08-22,,,,public,2024-08-22,Не локализована (Вьетнамский) - страница (https://www.intel.vn/content/www/vn/vi/diversity/diversity-at-intel.html),new,open,
0002042,QA31,Ovsiannikov,,normal,text,always,,General,2024-08-22,,,,public,2024-08-22,"Сброс локализации с Tiếng Việt на English, при переходе в раздел ""Các việc làm"", в футере сайта",new,open,
0002041,QA31,Ovsiannikov,,normal,text,always,,General,2024-08-22,,,,public,2024-08-22,"Сброс локализации Tiếng Việt на English, при переходе в раздел ""Foundry"", в хедере сайта",new,open,
0002036,QA31,VerbX_jr34,,low,minor,always,,General,2024-08-13,,,Chrome v127.0.6533.100,public,2024-08-13,Английские надписи в индийской локализации.,new,open,
0002040,QA31,VerbX_jr34,,low,minor,have not tried,,General,2024-08-13,,,Chrome v127.0.6533.100,public,2024-08-13,"На странице ""Warranty Information"" отсутствует индийская локализация.",new,open,
0002039,QA31,VerbX_jr34,,low,minor,always,,General,2024-08-13,,,,public,2024-08-13,"На странице ""Intel Customer Spotlight"" отсутствует индийская локализация.",new,open,
0002038,QA31,VerbX_jr34,,low,minor,always,,General,2024-08-13,,,Chrome v127.0.6533.100,public,2024-08-13,Английские надписи в индийской локализации.,new,open,
0002037,QA31,VerbX_jr34,,low,minor,always,,General,2024-08-13,,,Chrome v127.0.6533.100,public,2024-08-13,Английские надписи в индийской локализации.,new,open,
0002035,QA31,Julia,,normal,minor,always,,General,2024-08-07,,,,public,2024-08-07,Отсутствует перевод страницы «リクルーティング情報» в « 日本語» локализации,new,open,
0002034,QA31,Julia,,normal,minor,always,,General,2024-08-07,,,,public,2024-08-07,Отсутствует перевод страницы « Empregos» в «Português» локализации,new,open,
0002033,QA31,Julia,,normal,major,always,,General,2024-08-07,,,,public,2024-08-07,Отсутствует перевод страницы «Newsroom» в « ไทย» локализации,new,open,
0002032,QA31,Julia,,normal,minor,always,,General,2024-08-07,,,,public,2024-08-07,Отсутствует перевод страницы « งาน» в «ไทย» локализации,new,open,
0002031,QA31,Anna,,low,trivial,always,,General,2024-08-07,,,,public,2024-08-07,Не переведен всплывающий текст “более 300 работ в портфолио” в разделе “Who we are” на главной странице в англ локализации,new,open,
0002030,QA31,Julia,,normal,minor,always,,General,2024-08-07,,,,public,2024-08-07,Отсутствует перевод под-разделов «解決方案» в локализации 繁體中文,new,open,
0002029,QA31,Anna,,low,trivial,always,,General,2024-08-07,,,,public,2024-08-07,Отсутствует англ и рус локализации для содержимого раздела “Политика использования файлов Cookies” в футере,new,open,
0002028,QA31,Anna,,low,trivial,always,,General,2024-08-07,,,,public,2024-08-07,Не полностью переведена статья “Що таке домен?” в разделе “Словарь терминов” в укр локализации,new,open,
0002027,QA31,Anna,,low,trivial,always,,General,2024-08-07,,,,public,2024-08-07,Не переведено название раздела “Messengers:” в футере в укр локализации,new,open,
0002026,QA31,Anna,,low,trivial,always,,General,2024-08-07,,,,public,2024-08-07,Не переведено название элемента управления “play” на главной странице в разделе “Хто ми?” в укр локализации,new,open,
0002025,QA31,Anna,,high,major,always,,General,2024-08-07,,,,public,2024-08-07,Некликабельная гипертекстовая ссылка “Android” в разделе “Словарь терминов”,new,open,
0002024,QA31,Anna,,low,trivial,always,,General,2024-08-07,,,,public,2024-08-07,Ненужная надпись “(ru)” в разделе “N” в “Словарь терминов” в англ локализации,new,open,
0002023,QA31,Anna,,high,minor,always,,General,2024-08-07,,,,public,2024-08-07,Отсутствует гипертекстовая ссылка “Децентрализованные сообщения” в разделе “D” в “Словарь терминов” в укр локализации,new,open,
0002022,QA31,Anna,,normal,minor,always,,General,2024-08-07,,,,public,2024-08-07,Отсутствует валидация в поле “телефон” в форме “получить расчет” в разделе “Расчет стоимости проекта”,new,open,
0002021,QA31,Anna,,normal,minor,always,,General,2024-08-07,,,,public,2024-08-07,Отсутствует валидация в поле “Телефон” в форме “З’явились питання?” в футере на главной странице,new,open,
0002020,QA31,Anna,,low,trivial,always,,General,2024-08-06,,,,public,2024-08-06,"Не переведен адрес для корпоративной почты в футере в разделе ""Contact Intel"" на японском языке",new,open,
0002019,QA31,Anna,,low,trivial,always,,General,2024-08-06,,,,public,2024-08-06,"Не переведено название сервиса ""Intal Developer Cloud"" в футере в разделе ""Contact Intel"" на китайском упрощенном языке",new,open,
0002018,QA31,Anna,,low,trivial,always,,General,2024-08-06,,,,public,2024-08-06,"Не переведено название столбца ""OS"" в разделе ""Intel® Core™ Ultra Processors"" на японском языке",new,open,
0002017,QA31,Anna,,low,trivial,always,,General,2024-08-06,,,,public,2024-08-06,"Не переведен копирайт ""Intel Corporation"" в футере на главной странице на японском языке",new,open,
0002016,QA31,Anna,,low,trivial,always,,General,2024-08-06,,,,public,2024-08-06,"Не переведена гипертекстовая ссылка ""Cookies"" в разделе авторизации на японскоском языке",new,open,
0002015,QA31,DanaK,,normal,minor,always,,General,2024-08-06,,,,public,2024-08-06,(Китайська) Сторінка Development Tools немає перекладу,new,open,
0002014,QA31,DanaK,,normal,minor,have not tried,,General,2024-08-06,,,,public,2024-08-06,(Китайська) На сторінці,new,open,
0002013,QA31,DanaK,,normal,minor,always,,General,2024-08-06,,,,public,2024-08-06,(Китайська) Сторінка software catalog має елементи без перекладу,new,open,
0002012,QA31,DanaK,,normal,minor,always,,General,2024-08-06,,,,public,2024-08-06,(Корейська) Відсутній переклад на у елемента customer spotlight,new,open,
0002010,QA31,DanaK,,high,minor,always,,General,2024-08-06,,,,public,2024-08-06,(Тайванська) Відсутній переклад на сторінці деталі елемента зі сторінки SOLUTIONS,new,open,
0002011,QA31,DanaK,,high,minor,always,,General,2024-08-06,,,,public,2024-08-06,(Японська) Відсутній переклад на у елемента customer spotlight,new,open,
0002009,QA31,DanaK,,normal,minor,always,,General,2024-08-06,,,,public,2024-08-06,(Тайванська) Не повний переклад на сторінки SOLUTIONS,new,open,
0002008,QA31,Elena2712,,normal,minor,always,,General,2024-08-04,,,,public,2024-08-04,"Отсутствует перевод раздела ""AI PC"" в японской локализации",new,open,
0002007,QA31,Elena2712,,normal,minor,always,,General,2024-08-04,,,,public,2024-08-04,"Отсутствует перевод подраздела ""Development Tools"" в вьетнамской  локализации",new,open,
0002006,QA31,Elena2712,,normal,minor,always,,General,2024-08-04,,,,public,2024-08-04,"Отсутствует перевод раздела ""Edge"" в тайской локализации",new,open,
0002005,QA31,Elena2712,,normal,minor,always,,General,2024-08-04,,,,public,2024-08-04,"Отсутствует перевод  раздела ""HPC"" в тайской локализации",new,open,
0002004,QA31,Elena2712,,normal,minor,always,,General,2024-08-04,,,,public,2024-08-04,"Отсутствует перевод  ""Intel Foundry Portal"" в китайской локализации",new,open,
0002003,QA31,Elena2712,,normal,minor,always,,General,2024-08-04,,,,public,2024-08-04,"Отсутствует перевод раздела ""Developer Tools"" в китайской локализации",new,open,
0002002,QA31,Anna,,low,trivial,always,,General,2024-08-03,,,,public,2024-08-03,"Не переведено название кнопки ""Оплатить через PayPal"" в корзине в японской локализации",new,open,
0002001,QA31,Antymonyk Kateryna,,normal,tweak,random,,General,2024-08-03,,,,public,2024-08-03,На Японской локализации отсутствует перевод игрушки,new,open,
0002000,QA31,Elena2712,,normal,minor,always,,General,2024-08-03,,,,public,2024-08-03,"Отсутствует перевод названия игрушки ""Spider-Man 2024 Advent Calendar"" в китайской локализации",new,open,
0001999,QA31,Anna,,low,trivial,always,,General,2024-08-03,,,,public,2024-08-03,Не переведено уведомление о перенаправлении пользователя при закрытии окна регистрации в японской локализации,new,open,
0001998,QA31,DanaK,,normal,minor,always,,General,2024-08-03,,,,public,2024-08-03,"Сторінка ""Новини Lego"" немає перекладу на Індонезійську мову",new,open,
0001997,QA31,DanaK,,normal,minor,always,,General,2024-08-03,,,,public,2024-08-03,"Сторінка ""Про нас"" немає перекладу на Індонезійську мову",new,open,
0001996,QA31,Ovsiannikov,,normal,text,always,,General,2024-08-03,,,,public,2024-08-03,"Пустая страница разделе ""Accessibility Feedback / Доступність""",new,open,
0001995,QA31,VerbX_jr34,,low,minor,always,,General,2024-08-03,,,,public,2024-08-03,Английские надписи в турецкой локализации.,new,open,
0001993,QA31,Anna,,low,trivial,always,,General,2024-08-03,,,,public,2024-08-03,Не переведена гипертекстовая ссылка для трекинга посылки в окне авторизации на главной странице в японской локализации,new,open,
0001992,QA31,DanaK,,normal,minor,always,,General,2024-08-03,,,,public,2024-08-03,"Блок ""Read All About It"" на головної сторінки не має прекладу на Індонезійську мову",new,open,
0001991,QA31,Olesia967,,high,minor,always,,General,2024-08-03,,,,public,2024-08-03,"При переходе локализация ""Израиль"" нет перевода на иврит",new,open,
0001990,QA31,DanaK,,normal,minor,always,,General,2024-08-03,,,,public,2024-08-03,"Сторінка ""Гаряча лінія з відповідності LEGO"" немає перекладу на Корейську мову",new,open,
0001989,QA31,DanaK,,normal,minor,always,,General,2024-08-03,,,,public,2024-08-03,"Сторінка ""LEGO Кар'єри"" немає перекладу на Корейську мову",new,open,
0001988,QA31,Julia,,normal,minor,always,,General,2024-08-03,,,,public,2024-08-03,Отсутствие текста с названием выбранного региона в локализации Saudi Arabia,new,open,
0001987,QA31,VerbX_jr34,,low,minor,always,,General,2024-08-03,,,,public,2024-08-03,Английские надписи в индийской локализации.,new,open,
0001986,QA31,DanaK,,normal,minor,always,,General,2024-08-03,,,,public,2024-08-03,"Немає перекладу сторінки""стійкий бізнес"" на Корейську мову",new,open,
0001985,QA31,DanaK,,normal,minor,have not tried,,General,2024-08-03,,,,public,2024-08-03,"Відсутній переклад сторінки ""Про нас"" на Корейську мову",new,open,
0001984,QA31,Ovsiannikov,,normal,text,always,,General,2024-08-03,,,,public,2024-08-03,"Сброс локализации, с EN-DE на UA при переходе в раздел ""Product recalls"" в футере сайта",new,open,
0001983,QA31,Anna,,low,trivial,always,,General,2024-08-03,,,,public,2024-08-03,"Не переведена гипертекстовая ссылка ""Cookie"" в футере в японской локализации",new,open,
0001982,QA31,Julia,,normal,minor,always,,General,2024-08-03,,,,public,2024-08-03,"Отсутствует перевод страницы ""Návody na postavenie"" в словенской локализации",new,open,
0001981,QA31,Olesia967,,low,minor,always,,General,2024-08-03,,,,public,2024-08-03,Отсутствует перевод на украинский язык,new,open,
0001980,QA31,Anna,,low,trivial,always,,General,2024-08-03,,,,public,2024-08-03,"Не переведено название элемента ""Spin"" в характеристиках товара в японской локализации",new,open,
0001979,QA31,Ovsiannikov,,low,text,always,,General,2024-08-03,,,,public,2024-08-03,"Отсутствует UKR перевод одного из разделов ""Access more videos"" в клубе Инсайдеров",new,open,
0001978,QA31,DanaK,,normal,minor,always,,General,2024-08-03,,,,public,2024-08-03,"Сторінка ""Гаряча лінія LEGO з питань дотримання вимог законодавства"" не має Українського перекладу",new,open,
0001977,QA31,Julia,,high,major,always,,General,2024-08-03,,,,public,2024-08-03,"Отсутствует перевод страницы ""Допомога"" в украинской локализации",new,open,
0001976,QA31,DanaK,,normal,minor,always,,General,2024-08-03,,,,public,2024-08-03,"Сторінка ""Вакансії LEGO"" немає перекладу на Українську мову",new,open,
0001975,QA31,DanaK,,normal,minor,always,,General,2024-08-03,,,,public,2024-08-03,"Сторінка ""Наша відповідальність"" немає перекладу на Українську мову",new,open,
0001974,QA31,Anna,,low,trivial,always,,General,2024-08-03,,,,public,2024-08-03,"Не переведено название товара ""Новые подземелья и драконы: История красно дракона"" на главной странице в укр локализации",new,open,
0001973,QA31,VerbX_jr34,,low,trivial,always,,General,2024-08-03,,,Google Chrome127.0.6533.74,public,2024-08-03,"Кнопка ""Iгрова зона"" имеет название ""Header.Utilitybar.kids.title"" в течении секунды",new,open,
0001972,QA31,Julia,,low,tweak,always,,General,2024-08-03,,,,public,2024-08-03,Отсутствует перевод разделов меню под слайдером в украинской локализации,new,open,
0001971,QA31,DanaK,,normal,minor,always,,General,2024-08-03,,,,public,2024-08-03,"Сторінка ""Новини LEGO"" не має перекладу на Українську мову",new,open,
0001970,QA31,DanaK,,normal,minor,always,,General,2024-08-03,,,,public,2024-08-03,"Сторінка ""Про Lego  Group"" немає перекладу",new,open,
0001969,QA31,Ovsiannikov,,low,text,always,,General,2024-08-03,,,,public,2024-08-03,"Отсутствует локализация УКР ""Popular Games"" в разделе Игры",new,open,
0001968,QA31,Julia,,low,minor,have not tried,,General,2024-08-03,,,,public,2024-08-03,Отсутствует перевод текста слайдера в украинской локализации,new,open,
0001967,QA31,DanaK,,normal,minor,always,,General,2024-08-03,,,,public,2024-08-03,"Відсутній переклад у банері ""Welcome to the Official LEGO""",new,open,
0001966,QA31,Anna,,low,trivial,always,,General,2024-08-03,,,,public,2024-08-03,Не переведен текст на рекламном банере на главной странице в укр локализации,new,open,
0001965,QA31,Ovsiannikov,,low,text,always,,General,2024-08-03,,,,public,2024-08-03,Отсутствует УКР локализация в разделе Видео > TECHNIC,new,open,
0001964,QA31,DanaK,,high,minor,always,,General,2024-08-03,,,,public,2024-08-03,"Відсутній переклад на головної сторінки у розділі ""Read All About It""",new,open,
0001963,QA31,DanaK,,high,minor,always,,General,2024-08-03,,,,public,2024-08-03,Відсутній переклад у банері на головної сторінки,new,open,
0001962,QA31,Elena2712,,normal,minor,have not tried,,General,2024-08-03,,,,public,2024-08-03,"На главной странице в украинской локализации не переведено ""Summer Sale"" в левом верхнем углу",new,open,
0001956,QA31,Ovsiannikov,,low,text,always,,General,2024-08-03,,,,public,2024-08-03,Не переведен раздел Cookies в футере сайта (в укр. локализации),new,open,
0001961,QA31,Julia,,low,tweak,always,,General,2024-08-03,,,,public,2024-08-03,Отсутсвует перевод в английской локализации,new,open,
0001960,QA31,DanaK,,low,text,always,,General,2024-08-03,,,Safari 17.5 (19618.2.12.11.6),public,2024-08-03,"Помилка переклада ""Гуртова Торгівля""",new,open,
0001959,QA31,VerbX_jr34,,low,trivial,always,,General,2024-08-03,Windows 10 Home 22H2,19045.4651,Google Chrome 127.0.6533.74,public,2024-08-03,Количество баллов не склоняется не зависимо от суммы баллов.,new,open,
0001958,QA31,Olesia967,,low,minor,always,,General,2024-08-03,,,,public,2024-08-03,В футере где указаны дни и часы работы не переводит на польский язык,new,open,
0001957,QA31,Anna,,low,trivial,always,,General,2024-08-03,,,,public,2024-08-03,Не переведен адрес магазина в футере в укр локализации,new,open,
0001955,QA31,kowex94651,,normal,minor,have not tried,,General,2024-08-03,,,,public,2024-08-03,tryrtyrtyrtyrtyrtytryrtyrtyrtyrtyrtytryrtyrtyrtyrtyrtytryrtyrtyrtyrtyrtytryrtyrtyrtyrtyrtytryrtyrtyrtyrtyrtytryrtyrtyrtyrtyrtytr,new,open,
0001954,QA31,levtabu,,normal,major,always,,General,2024-07-11,,,,public,2024-07-11,"Ссыдка на гавную страницу не возвращает на неё из раздла ""Наш офис в Украиге""",new,open,
0001953,QA31,levtabu,,high,major,always,,General,2024-07-11,,,,public,2024-07-11,"Кнопка ""Отправить заявку"" не переводит в раздел оформления заказа в разделе "" Продвижение сайта в Киеве и Украине""",new,open,
0001952,QA31,levtabu,,normal,major,always,,General,2024-07-11,,,,public,2024-07-11,"Отсутствует валидация в поле ""Телефон"" в футере",new,open,
0001951,QA31,Heren dd,,low,trivial,have not tried,,General,2024-07-11,,,,public,2024-07-11,Разное название раздела на главной странице в русской и украинской локализации,new,open,
0001950,QA31,Heren dd,,low,trivial,have not tried,,General,2024-07-11,,,,public,2024-07-11,"В разделе ""Цена"" в украинской локализации в названии допущена ошибка в последовательности слов",new,open,
0001949,QA31,levtabu,,normal,minor,always,,General,2024-07-11,,,,public,2024-07-11,"Ссылка  ""Продвижение саййта"" не открывает раздел в футере",new,open,
0001948,QA31,Heren dd,,normal,major,have not tried,,General,2024-07-11,,,,public,2024-07-11,"При открытии вкладки ""БЛог"" пропадет меню сайта слева в боди",new,open,
0001947,QA31,Heren dd,,high,minor,have not tried,,General,2024-07-11,,,,public,2024-07-11,Не кликабельные ссылки на клиентов,new,open,
0001946,QA31,levtabu,,normal,minor,always,,General,2024-07-11,,,,public,2024-07-11,"Ссылка  ""Реклама"" не открывает раздел в хеддере",new,open,
0001945,QA31,Heren dd,,normal,minor,always,,General,2024-07-11,,,,public,2024-07-11,"Выделяются сразу 2 вкладки в хедере ""Цены"" и другая любая открытая даже если цены закрыта",new,open,
0001944,QA31,Qvill,,normal,minor,always,,General,2024-07-11,Windows 11,24H2,Opera GX,public,2024-07-11,"На украинской локализации, на главной странице, в первых 3 элементах описания услуг сайта, не переводится описание.",new,open,
0001943,QA31,Qvill,,normal,trivial,always,,General,2024-07-11,Windows 11,24H2,Opera GX,public,2024-07-11,"Элемент ""Наш офис в Украине"" ведёт на главную страницу, другого сайта этой компании",new,open,
0001942,QA31,Qvill,,low,feature,always,,General,2024-07-11,Windows 11,24H2,Opera GX,public,2024-07-11,"Кнопка ""Google+"" в футере не соответствует сервису google+, а ведёт на гугл карты с адресом студии.",new,open,
0001941,QA31,Qvill,,high,major,always,,General,2024-07-11,Windows 11,24H2,Opera GX,public,2024-07-11,"Кнопка ""Вайбер"" в хедере, не производит действий при нажатии",new,open,
0001940,QA31,Qvill,,low,minor,always,,General,2024-07-11,Windows 11,24H2,Opera GX,public,2024-07-11,"Элемент гиперссылка ""Реклама"" в хедере, не производит действий при нажатии.",new,open,
0001939,QA31,Vikroryia,,high,major,have not tried,,General,2024-07-07,,,,public,2024-07-07,"В футере в разделе ""О нас"" строка ""Гарантии"" и строка ""Отзывы"" находятся в одной строке и сроки ""Блог""и ""Sitemap"" также в одной",new,open,
0001938,QA31,Vikroryia,,high,major,have not tried,,General,2024-07-07,,,,public,2024-07-07,"В разделе ""Доработка сайта"" в футоре в русской локализации раздел ""Замовити доопрацювання сайту"" отображается  на UA",new,open,
0001937,QA31,Vikroryia,,low,tweak,have not tried,,General,2024-07-07,,,,public,2024-07-07,"В футере в разделе ""Контакты"" кликабелна строка с указанием режима работы",new,open,
0001936,QA31,Vikroryia,,normal,major,have not tried,,General,2024-07-07,,,,public,2024-07-07,"При вводе данных для заказа ""продвижение сайта"" нет проверки корректности введения данных",new,open,
0001935,QA31,Vikroryia,,high,major,have not tried,,General,2024-07-07,,,,public,2024-07-07,"В хедере не кликабельна кнопка ""Реклама""",new,open,
0001934,QA31,Heren dd,,normal,major,always,,General,2024-07-05,,,,public,2024-07-05,"Отсутсвует английская локализация ""Пользовательского соглашения""",new,open,
0001933,QA31,skynet,,normal,minor,have not tried,,General,2024-07-05,,,,public,2024-07-05,Отображается черный квадрат при нажатии на элемент в ленте новостей,new,open,
0001932,QA31,Heren dd,,normal,minor,always,,General,2024-07-05,,,,public,2024-07-05,"не кликабельная ссылка ""Android""   в разделе ""F A Q""",new,open,
0001931,QA31,Ernest,,low,trivial,always,,General,2024-07-05,,,,public,2024-07-05,Текст загаловков выходит за рамки в разделе МВ-Дом,new,open,
0001930,QA31,Qvill,,low,minor,always,,General,2024-07-05,Windows 11,24H2 26100.712,Windwos,public,2024-07-05,"Элемент сертификация ""reCAPTCHA"" прикреплена к бэкграунду, и её перекрывают все функциональности и наложенные элементы",new,open,
0001929,QA31,Ernest,,normal,minor,always,,General,2024-07-05,,,,public,2024-07-05,"Ссылка ""ССЫЛКА НА LANDING PAGE КОТТЕДЖНОГО ГОРОДКА"" в раздели ""МВ_Дом"" ведет на несуществующюю страницу",new,open,
0001928,QA31,skynet,,low,minor,have not tried,,General,2024-07-05,,,,public,2024-07-05,"Отсутствует локализация на ру язык ""СОГЛАШЕНИЕ ПОЛЬЗОВАТЕЛЯ"" в футере",new,open,
0001927,QA31,Heren dd,,low,minor,always,,General,2024-07-05,,,,public,2024-07-05,При вводе в поиск рандомного набора чисел и букв не показывает ошибку,new,open,
0001926,QA31,skynet,,low,minor,have not tried,,General,2024-07-05,,,,public,2024-07-05,"Отсутствует локализация на ру язык  ""ПОЛИТИКА КОНФИДЕНЦИАЛЬНОСТИ"" в футере",new,open,
0001925,QA31,Qvill,,normal,minor,always,,General,2024-07-05,Windows 11,24H2 26100.712,Windows,public,2024-07-05,Не полная валидация в обратной связи в футере,new,open,
0001924,QA31,skynet,,low,text,have not tried,,General,2024-07-05,,,,public,2024-07-05,"Отсутствует локализация на ру язык  ""ПОЛИТИКА ИСПОЛЬЗОВАНИЯ ФАЙЛОВ COOKIES"" в футере",new,open,
0001923,QA31,Ernest,,normal,minor,always,,General,2024-07-05,,,,public,2024-07-05,Ссылка ведет не несуществующюю страницу в разделе МВ-Дом в бади,new,open,
0001922,QA31,Heren dd,,low,trivial,have not tried,,General,2024-07-05,,,,public,2024-07-05,вставки картинок перекрывают иконку конфидецальность и условия пользования,new,open,
0001921,QA31,Vikroryia,,high,major,always,,General,2024-07-05,,,,public,2024-07-05,"При выборе RU всей страницы раздел ""чат бот"" показывается на UA в body",new,open,
0001920,QA31,Ernest,,normal,trivial,always,,General,2024-07-05,,,,public,2024-07-05,Устанавливается курсор в текст при нажитии в бади,new,open,
0001919,QA31,Qvill,,normal,minor,have not tried,,General,2024-07-05,,,,public,2024-07-05,"Триггер анимации логотипа в хедере срабатывает слишком рано, за счёт этого часто возникают моменты что логотип не отображается",new,open,
0001918,QA31,jefeca2775,,normal,minor,have not tried,,General,2024-07-05,,,,public,2024-07-05,Наложение элементов друга на друга в футере,new,open,
0001897,QA31,student_qa311_4,,low,minor,always,,General,2024-03-18,,,,public,2024-03-18,[Holnyk] Ошибка локализации,new,open,
0001896,QA31,student_qa311_4,,normal,minor,have not tried,,General,2024-03-18,,,,public,2024-03-18,[Holnyk] Ошибка функциональности,new,open,
0001895,QA31,student_qa311_4,,high,minor,always,,General,2024-03-18,,,,public,2024-03-18,[Holnyk] Ошибка локализации,new,open,
0001894,QA31,student_qa311_4,,normal,minor,always,,General,2024-03-18,,,,public,2024-03-18,[Holnyk] Ошибка локализации,new,open,
0001893,QA31,student_qa311_4,,low,minor,always,,General,2024-03-18,,,,public,2024-03-18,[Holnyk] Ошибка локализации,new,open,
0001892,QA31,student_qa311_4,,normal,minor,always,,General,2024-03-18,,,,public,2024-03-18,[Holnyk] Ошибка локализации,new,open,
0001888,QA31,manchinipeter,,normal,minor,always,,General,2024-03-15,,,,public,2024-03-15,[NOVOSOLOV] Неверное написание адреса в футере в английской локализации,new,open,
0001887,QA31,manchinipeter,,normal,minor,have not tried,,General,2024-03-15,,,,public,2024-03-15,[NOVOSOLOV] Отсутствует перевод ПОЛИТИКА ИСПОЛЬЗОВАНИЯ ФАЙЛОВ COOKIES на английский и русский язык,new,open,
0001886,QA31,manchinipeter,,normal,minor,have not tried,,General,2024-03-15,,,,public,2024-03-15,0001885: [NOVOSOLOV] Отсутствует перевод СОГЛАШЕНИЕ ПОЛЬЗОВАТЕЛЯ на английский и русский язык,new,open,
0001885,QA31,manchinipeter,,normal,minor,have not tried,,General,2024-03-15,,,,public,2024-03-15,[NOVOSOLOV] Отсутствует перевод Политика конфиденциальности на английский и русский язык,new,open,
0001884,QA31,manchinipeter,,normal,minor,have not tried,,General,2024-03-15,,,,public,2024-03-15,[NOVOSOLOV] Теги HTML присутствуют в тексте соглашения об обработке персональных данных,new,open,
0001883,QA31,manchinipeter,,normal,major,always,,General,2024-03-15,,,,public,2024-03-15,[NOVOSOLOV] Наложение элементов интерфейса,new,open,
0001882,QA31,manchinipeter,,normal,minor,have not tried,,General,2024-03-15,,,,public,2024-03-15,[NOVOSOLOV] Не оригинальный контент на странице https://avada-media.ua/ua/services/dyzayn-personazhey-2d/,new,open,
0001881,QA31,manchinipeter,,normal,minor,have not tried,,General,2024-03-15,,,,public,2024-03-15,[NOVOSOLOV] Некоторые куки неправильно используют рекомендованный атрибут «SameSite»,new,open,
0001880,QA31,manchinipeter,,low,minor,always,,General,2024-03-15,,,,public,2024-03-15,[NOVOSOLOV] Предупреждения Content-Security-Policy,new,open,
0001879,QA31,manchinipeter,,normal,minor,always,,General,2024-03-15,,,,public,2024-03-15,[NOVOSOLOV] Не идентифицированы шрифты в запросах,new,open,
0001866,QA31,Svitlana,,normal,minor,always,,General,2024-03-14,,,,public,2024-03-14,"[Ляшенко]Буква ""U"" отсутствует в списке букв словаря терминов",new,open,
0001867,QA31,Svitlana,,normal,trivial,always,,General,2024-03-14,,,,public,2024-03-14,"[Ляшенко] Опечатка в слове ""Android"" в разделе ""F.A.Q.""",new,open,
0001868,QA31,Svitlana,,high,major,always,,General,2024-03-14,,,,public,2024-03-14,"[Ляшенко] Видео не воспроизводится в разделе ""Лента""",new,open,
0001869,QA31,Svitlana,,high,major,always,,General,2024-03-14,,,,public,2024-03-14,"[Ляшенко] Отображается часть кода в результатах поиска символа ""пробел"" или просто пустых данных",new,open,
0001870,QA31,Svitlana,,high,minor,always,,General,2024-03-14,,,,public,2024-03-14,"[Ляшенко] Пустая страница при переходе по ссылке на ""Viber"" на главной странице",new,open,
0001871,QA31,Svitlana,,normal,trivial,always,,General,2024-03-14,,,,public,2024-03-14,"[Ляшенко] Орфографические и грамматические ошибки в ""Address"" в английской локализации сайта",new,open,
0001872,QA31,Svitlana,,normal,trivial,always,,General,2024-03-14,,,,public,2024-03-14,"[Ляшенко] Орфографическая ошибка в слове ""GameDev"" на странице с меню в английской локализации сайта",new,open,
0001873,QA31,Svitlana,,high,minor,always,,General,2024-03-14,,,,public,2024-03-14,[Ляшенко]Информация по ссылкам в футере сайта отображается на украинском языке вместо английского в английской локализации сайта,new,open,
0001874,QA31,Svitlana,,high,minor,always,,General,2024-03-14,,,,public,2024-03-14,[Ляшенко] Элементы кода отображаются в согласии на обработку персональных данных в украинской локализации сайта,new,open,
0001875,QA31,Svitlana,,normal,minor,always,,General,2024-03-14,,,,public,2024-03-14,[Ляшенко] Название новости за 13.02.2024 отображается на украинском языке в английской локализации сайта,new,open,
0001865,QA31,Svitlana,,normal,minor,always,,General,2024-03-14,,,,public,2024-03-14,"Буква ""U"" отсутствует в списке букв словаря терминов",new,open,
0001861,QA31,student_qa311_4,,low,minor,always,,General,2024-03-11,,,,public,2024-03-11,[Holnyk] Наложение елементов сайта,new,open,
0001860,QA31,student_qa311_4,,low,minor,have not tried,,General,2024-03-11,,,,public,2024-03-11,[Holnyk] Граматическая ошибки,new,open,
0001859,QA31,student_qa311_4,,normal,minor,always,,General,2024-03-11,,,,public,2024-03-11,"[Holnyk] Проблема отображения контента раздела ""Лента""",new,open,
0001858,QA31,student_qa311_4,,normal,minor,always,,General,2024-03-11,,,,public,2024-03-11,"[Holnyk] Некорректная работа ссылки на сервис ""Skype""",new,open,
0001857,QA31,student_qa311_4,,low,minor,always,,General,2024-03-11,,,,public,2024-03-11,[Holnyk] Наложение елементов сайта,new,open,
0001856,QA31,student_qa311_4,,high,minor,always,,General,2024-03-11,,,,public,2024-03-11,[Holnyk] Отсутствие локализации документации,new,open,
0001855,QA31,student_qa311_4,,high,minor,always,,General,2024-03-11,,,,public,2024-03-11,[Holnyk] Отсутствие локализации документации,new,open,
0001854,QA31,student_qa311_4,,normal,minor,always,,General,2024-03-11,,,,public,2024-03-11,[Holnyk] Отсутствие локализации документации,new,open,
0001853,QA31,student_qa311_4,,high,minor,always,,General,2024-03-11,,,,public,2024-03-11,[Holnyk] Отсутствие локализации,new,open,
0001852,QA31,student_qa311_4,,low,minor,always,,General,2024-03-11,,,,public,2024-03-11,Отсутствие локализации,new,open,
0001848,QA31,Aleksandr123,,normal,tweak,always,,General,2024-03-10,windows 11,home,Google Chrome,public,2024-03-10,"[Tarasenko] В словаре терминов, отсутствует описание терминологии Blockchain.",new,open,
0001847,QA31,Aleksandr123,,normal,tweak,always,,General,2024-03-10,windows 11,home,Google Chrome,public,2024-03-10,"[Tarasenko] В словаре терминов, отсутствует описание терминологии Android.",new,open,
0001846,QA31,Aleksandr123,,normal,tweak,always,,General,2024-03-10,windows 11,home,Google Chrome,public,2024-03-10,[Tarasenko] Не корректная работа ссылки на Skype.,new,open,
0001845,QA31,Aleksandr123,,normal,tweak,always,,General,2024-03-10,windows 11,home,Google Chrome,public,2024-03-10,[Tarasenko] Отсутствие расшифровки аббревиатуры.,new,open,
0001844,QA31,Aleksandr123,,normal,tweak,always,,General,2024-03-10,windows 11,home,Google Chrome,public,2024-03-10,[Tarasenko] Наложение верстки.,new,open,
0001843,QA31,Aleksandr123,,normal,tweak,always,,General,2024-03-10,windows 11,home,Google Chrome,public,2024-03-10,[Tarasenko] Не корректное поведение lightbox-эффекта,new,open,
0001842,QA31,Aleksandr123,,normal,tweak,always,,General,2024-03-10,windows 11,home,google hrome,public,2024-03-10,[Tarasenko] Отсутствие проверки валидности электронной почты,new,open,
0001841,QA31,Aleksandr123,,low,tweak,always,,General,2024-03-10,Windows 11,home,Google hrome,public,2024-03-10,"[Tarasenko] при нажатии на флаг над логотипом, переход на страницу банка ""NBU""",new,open,
0001834,QA31,Zhuk,,low,minor,always,,General,2024-03-07,Windows 10 Pro,22H2,,public,2024-03-07,Название города Одесса неправильно написано в англ локализации,new,open,
0001833,QA31,Zhuk,,low,text,always,,General,2024-03-07,Windows 10 Pro,22H2,,public,2024-03-07,"Не переведено название ссылки ""Подпишись на нас в инстаграм"" в разделе ""О нас"" на русский язык",new,open,
0001832,QA31,Zhuk,,low,text,always,,General,2024-03-07,Windows 10 Pro,22H2,,public,2024-03-07,"Не переведено название подраздела Expirience в разделе ""О нас"" на русский язык",new,open,
0001831,QA31,Zhuk,,low,text,always,,General,2024-03-07,Windows 10 Pro,22H2,,public,2024-03-07,Лента новостей в разделе Feed не соответствует выбранной англ докализации,new,open,
0001830,QA31,Zhuk,,low,minor,always,,General,2024-03-07,Windows 10 Pro,22H2,,public,2024-03-07,"Не появляется анимация при наведении на ""Електронні картки Apple i Google в главном меню сайта",new,open,
0001829,QA31,Zhuk,,normal,minor,always,,General,2024-03-07,Windows 10 Pro,22H2,,public,2024-03-07,Не воспроизводится видео в разделе Стрічка,new,open,
0001828,QA31,Zhuk,,normal,minor,always,,General,2024-03-07,Windows 10 Pro,22H2,,public,2024-03-07,"Отсутствует возможность определить длительность проекта с в разделе ""Розрахунок вартості""",new,open,
0001827,QA31,Zhuk,,low,text,always,,General,2024-03-07,Windows 10 Pro,22H2,,public,2024-03-07,Термин Android написан с ошибкой в разделе  F.Q.A.,new,open,
0001826,QA31,Zhuk,,normal,minor,always,,General,2024-03-07,Windows 10 Pro,22H2,,public,2024-03-07,Отсутвует ссылка на разьяснение терминов в разделе F.Q.A.,new,open,
0001825,QA31,Zhuk,,normal,minor,always,,General,2024-03-07,Windows 10 Pro,22H2,,public,2024-03-07,"Функция ""Связаться с экспертами"" работает при введении невалидных данных",new,open,
0001652,QA31,asdasdasd,,normal,feature,have not tried,,General,2024-02-29,,,,public,2024-02-29,Наложение элементов друга на друга в футере,new,open,
0001651,QA31,A,,low,minor,random,,General,2024-02-04,,,,public,2024-02-04,Частично отсутствует локализация при выборе English в настройках персонажа,new,open,
0001650,QA31,A,,normal,minor,have not tried,,General,2024-02-04,,,,public,2024-02-04,"Исчезает окно с вкладками при выборе якоря ""Приключения"" в окне профиля",new,open,
0001649,QA31,A,,normal,minor,have not tried,,General,2024-02-03,,,,public,2024-02-03,"Отсутствуют ссылки на статьи при выборе русской локализации в разделе ""Справка""",new,open,
0001648,QA31,A,,normal,minor,always,,General,2024-02-03,,,,public,2024-02-03,"Отсутствует локализация в окне ""Положение о защите данных"" в разделе ""Помощь по игре""",new,open,
0001647,QA31,A,,low,minor,always,,General,2024-02-03,,,,public,2024-02-03,"Частично отсутствует локализация в окне ""Помощь по игре""",new,open,
0001646,QA31,A,,low,minor,random,,General,2024-02-03,,,,public,2024-02-03,"Частично отсутствует локализация в окне ""Атака""",new,open,
0001645,QA31,A,,low,trivial,always,,General,2024-02-03,,,,public,2024-02-03,Отсутствует локализация при начальной загрузке игры при выборе русской локализации,new,open,
0001644,QA31,A,,high,crash,always,,General,2024-02-03,,,,public,2024-02-03,Error-меседж при регистрации в United State-локализации,new,open,
0001643,QA31,A,,low,minor,always,,General,2024-02-03,,,,public,2024-02-03,"Отсутствует локализация ""Настройки конфиденциальности"" в левом нижнем углу при выборе локализации United States",new,open,
0001642,QA31,Viktor,,normal,tweak,have not tried,,General,2023-12-27,,,,public,2023-12-27,[Колесник] Кнопка становиться не читабельной в черно-белом варианте страницы.,new,open,
0001641,QA31,Viktor,,high,major,have not tried,,General,2023-12-26,,,,public,2023-12-26,"[Колесник] Не переведена полностью на укр. локализацию ""Поддержка в чате""",new,open,
0001640,QA31,Viktor,,high,major,have not tried,,General,2023-12-26,,,,public,2023-12-26,"[Колесник] Отсутствует заполнение страницы ""ЕЛЕКТРОННІ КОНСУЛЬТАЦІЇ З ГРОМАДСЬКІСТЮ""",new,open,
0001639,QA31,Viktor,,high,major,have not tried,,General,2023-12-26,,,,public,2023-12-26,"[Колесник] При выборе кнопки поиска и скролинге страницы пропадают кнопки ""Збільшити шрифт"" и ""Змінити на синій""",new,open,
0001638,QA31,Viktor,,normal,minor,have not tried,,General,2023-12-26,,,,public,2023-12-26,"[Колесник]  Кнопка ""Далі"" не кликабельна при использование интерактивного помощника.",new,open,
0001637,QA31,Viktor,,normal,major,have not tried,,General,2023-12-26,,,,public,2023-12-26,"[Колесник] Переходит на главную страницу. Выбрать раздел ""Освіта"" перевести с укр. локализации в англ. локализацию.",new,open,
0001636,QA31,Viktor,,low,tweak,have not tried,,General,2023-12-26,,,,public,2023-12-26,"[Колесник]  Не отображаются Google карты в разделе ""Контакты""",new,open,
0001635,QA31,Natasia Rudenko,,normal,minor,have not tried,,General,2023-12-19,,,,public,2023-12-19,"Пропадает текст в кнопках ""Завантажити ще"" при чёрно-белом варианте сайта",new,open,
0001634,QA31,Natasia Rudenko,,high,tweak,always,,General,2023-12-19,,,,public,2023-12-19,"Изменение масштаба страницы при переходе на страницу ""ВИЩІ НАВЧАЛЬНІ ЗАКЛАДИ""",new,open,
0001633,QA31,Natasia Rudenko,,high,major,always,,General,2023-12-19,,,,public,2023-12-19,"Отсутствует какая-либо информация на странице ""Консультації з громадськістю""",new,open,
0001632,QA31,Natasia Rudenko,,low,minor,always,,General,2023-12-19,,,,public,2023-12-19,"Не кликабельна кнопка ""Завантажити ще"" на странице ""Партнери""",new,open,
0001631,QA31,Natasia Rudenko,,high,minor,always,,General,2023-12-19,,,,public,2023-12-19,Отсутствует значок Тelegram в английской локализации,new,open,
0001630,QA31,Natasia Rudenko,,low,tweak,sometimes,,General,2023-12-19,,,,public,2023-12-19,"не загружается Google карта  на странице ""Прес-центр""",new,open,
0001629,QA31,Natasia Rudenko,,normal,minor,always,,General,2023-12-18,,,,public,2023-12-18,"Не кликабельна кнопка ""Далі"" на панели помощника на главной странице",new,open,
0001628,QA31,Akulova Anastasiia,,normal,major,always,,General,2023-12-18,,,,public,2023-12-18,[Акулова] Відсутня повна кількість пунктів контекстного меню у всіх заголовках хедеру в англомовній версії сайту,new,open,
0001627,QA31,Akulova Anastasiia,,normal,minor,always,,General,2023-12-18,,,,public,2023-12-18,"[Акулова] Відсутня можливість поділитись матеріалами через соцмережі з розділу ""Документи"" та ""Пресцентр""",new,open,
0001626,QA31,valera1,,high,major,always,,General,2023-12-18,,,,public,2023-12-18,"[Горин] При черно-белой версии сайта в разделе ""ДОПОМОГА УКРАЇНСЬКИМ МЕДИКАМ ТА АРМІЇ"" отсутствует кнопка ""Докладніше""",new,open,
0001625,QA31,valera1,,high,major,always,,General,2023-12-18,,,,public,2023-12-18,"[Горин] Отсутствует раздел ""Документи"" при английской локализации сайта",new,open,
0001624,QA31,valera1,,high,minor,always,,General,2023-12-18,,,,public,2023-12-18,"[Горин] При английской локализации отсутствует раздел ""Громадянам""",new,open,
0001623,QA31,valera1,,high,major,always,,General,2023-12-18,,,,public,2023-12-18,[Горин] При английской локализации отсутствует ссылка на Телеграм,new,open,
0001622,QA31,valera1,,normal,major,always,,General,2023-12-18,,,,public,2023-12-18,"[Горин] При английской локализации отсутствует раздел ""Медичним працівникам""",new,open,
0001621,QA31,valera1,,normal,major,always,,General,2023-12-18,,,,public,2023-12-18,"[Горин] При украинской локализации отсутствует раздел ""Для пацієнтів""",new,open,
0001620,QA31,valera1,,normal,major,always,,General,2023-12-18,,,,public,2023-12-18,"[Горин] Отсутствует полная информация о номерах телефонов при английской локализации в разделе ""Contacts""",new,open,
0001619,QA31,Akulova Anastasiia,,low,trivial,always,,General,2023-12-18,,,,public,2023-12-18,"[Акулова] Недійсне посилання на аудіоверсію новини від 11 січня у розділі ""Пресцентр → інтерв'ю""",new,open,
0001618,QA31,Akulova Anastasiia,,normal,minor,have not tried,,General,2023-12-18,,,,public,2023-12-18,[Акулова] Відсутній перехід до архіву у розділі Документи,new,open,
0001617,QA31,Akulova Anastasiia,,high,tweak,always,,General,2023-12-18,,,,public,2023-12-18,"[Акулова] Google карти у розділі ""Контакти"" та розділі ""Пресцентр → контакти пресслужби"" не відображаються",new,open,
0001616,QA31,Akulova Anastasiia,,normal,major,random,,General,2023-12-18,,,,public,2023-12-18,[Акулова] Відсутній перехід за посиланням/помилка 502 у інтерв'ю від 19 липня,new,open,
0001615,QA31,Akulova Anastasiia,,normal,minor,always,,General,2023-12-18,,,,public,2023-12-18,"[Акулова] button ""Завантажити ще "" у розділі ""Пресцентр"" не відкликається",new,open,
0001614,QA31,Tani,,high,major,have not tried,,General,2023-12-18,,,,public,2023-12-18,"[Kliarska Tetiana] Отсутствует переход на следующий шаг  в разделе ""ІНТЕРАКТИВНИЙ ПОМІЧНИК"" на главной странице",new,open,
0001613,QA31,Tani,,normal,minor,have not tried,,General,2023-12-18,,,,public,2023-12-18,"[Kliarska Tetiana]  Отсутствует  страница  при переходе ""Державний нагляд (контроль)"" в футере",new,open,
0001612,QA31,Tani,,normal,major,always,,General,2023-12-18,,,,public,2023-12-18,"[Kliarska Tetiana] Отсутствует заполнения раздела ""КОНСУЛЬТАЦІЇ З ГРОМАДСЬКІСТЮ"", пустая страница",new,open,
0001611,QA31,AlexQA31,,low,trivial,always,,General,2023-12-18,,,,public,2023-12-18,"[Шостенко] Наложение текста в меню ""Документы""",new,open,
0001610,QA31,AlexQA31,,low,trivial,always,,General,2023-12-18,,,,public,2023-12-18,"[Шостенко] Номер контактного телефона в футере на главной странице и по ссылке ""Контакты"" указаны в разном формате",new,open,
0001609,QA31,Tani,,high,major,always,,General,2023-12-18,,,,public,2023-12-18,"[Kliarska Tetiana] Отсутствует содержимое  в разделе ""Ліцензійний реєстр МОЗ України з медичної практики""",new,open,
0001608,QA31,AlexQA31,,normal,trivial,always,,General,2023-12-18,,,,public,2023-12-18,"[Шостенко] Функция ""Поиск"" работает не корректно",new,open,
0001607,QA31,AlexQA31,,low,trivial,always,,General,2023-12-18,,,,public,2023-12-18,"[Шостенко] Ошибка локализации, при переходе по ссылке на Telegram-канал",new,open,
0001606,QA31,AlexQA31,,low,trivial,always,,General,2023-12-18,,,,public,2023-12-18,[Шостенко] Не кликабельные 2 из 3х ссылки на сайты партнеров в футере,new,open,
0001605,QA31,Tani,,normal,text,always,,General,2023-12-18,,,,public,2023-12-18,"[Kliarska Tetiana] Присутствует наложение текста  в меню ""Освіта""",new,open,
0001604,QA31,Tani,,normal,tweak,have not tried,,General,2023-12-18,,,,public,2023-12-18,"[Kliarska Tetiana] Отсутствует загрузка ""Карты Google"" в меню ""Контакты""",new,open,
0001603,QA31,Tani,,normal,tweak,always,,General,2023-12-18,,,,public,2023-12-18,[Kliarska Tetiana] Отсутствует карта сайта в футере внизу справа,new,open,
0001602,QA31,AlexQA31,,low,major,always,,General,2023-12-18,,,,public,2023-12-18,"[Шостенко] Битые ссылки на гугл карты в разделе ""Контакти""",new,open,
0001601,QA31,AlexQA31,,high,major,always,,General,2023-12-18,,,,public,2023-12-18,[Шостенко]Подписка на рассылку новостей в футере не реагирует на действия пользователя,new,open,
0001600,QA31,Svitlana,,normal,minor,always,,General,2023-12-18,,,,public,2023-12-18,"[Ляшенко]Смещение названий тегов новостей на странице ""ПРЕСЦЕНТР"" в правую сторону",new,open,
0001599,QA31,Svitlana,,high,major,always,,General,2023-12-18,,,,public,2023-12-18,[Ляшенко] Подписка на рассылку новостей не осуществляется,new,open,
0001598,QA31,Marina,,low,minor,always,,General,2023-12-18,,,,public,2023-12-18,"[ Marina Munteanu ] Відсутність тултипу для іконки ""Чату підтримки"" при наведенні  курсора миші",new,open,
0001597,QA31,Marina,,urgent,major,always,,General,2023-12-18,,,,public,2023-12-18,[ Marina Munteanu ]  Перекриття можливості використання жестової мови чатом підтримки при натисканні,new,open,
0001596,QA31,Svitlana,,normal,minor,always,,General,2023-12-18,,,,public,2023-12-18,"[Ляшенко] Карты Google не загружаются на странице ""Контакты""",new,open,
0001595,QA31,Svitlana,,low,trivial,always,,General,2023-12-18,,,,public,2023-12-18,"Ненужный символ ""_"" в строчке tel: на странице ""CONTACTS"" в английской локализации сайта",new,open,
0001594,QA31,Marina,,normal,minor,always,,General,2023-12-18,,,,public,2023-12-18,[ Marina Munteanu ]  Нефункціонуючий пошук на сайті під українською локалізацією,new,open,
0001593,QA31,Svitlana,,high,major,always,,General,2023-12-18,,,,public,2023-12-18,"[Ляшенко]Номер телефона Hotline в футере сайта при английской локализации отличается, если навести на него мышкой",new,open,
0001592,QA31,Svitlana,,high,major,always,,General,2023-12-17,,,,public,2023-12-17,"[Ляшенко] 404 ошибка при переходе на страницу ""Державний нагляд (контроль)""",new,open,
0001591,QA31,Marina,,high,major,always,,General,2023-12-17,,,,public,2023-12-17,"[ Marina Munteanu ]   Помилка при завантаженні карт у розділі ""Контакти""",new,open,
0001590,QA31,Svitlana,,high,major,always,,General,2023-12-17,,,,public,2023-12-17,"[Ляшенко] Битые ссылки в колонке ""Посилання"" на странице ""Дослідницькі інститути""",new,open,
0001589,QA31,Marina,,high,major,always,,General,2023-12-17,,,,public,2023-12-17,"[ Marina Munteanu ]  Затемнена  кнопка ""Вся структура МОЗ"" у банері ""Структура"" на головному екрані",new,open,
0001588,QA31,Rivne,,low,minor,always,,General,2023-12-17,,,,public,2023-12-17,"[Glivchuk] Інтерактивне вікно ""Онлайн підтримка"" перекриває кнопку ""звернення мовою жестів"" при першому відкритті сторінки",new,open,
0001587,QA31,Rivne,,low,trivial,always,,General,2023-12-17,,,,public,2023-12-17,"[Glivchuk] Не читаємий текст в картинці ""за підтримки"" в футері сайту",new,open,
0001586,QA31,Rivne,,low,trivial,always,,General,2023-12-17,,,,public,2023-12-17,"[Glivchuk] Некоректне розміщення картинки в банері, в рубриці ""статті"" в вікні Громадянам",new,open,
0001585,QA31,Rivne,,normal,minor,have not tried,,General,2023-12-17,,,,public,2023-12-17,"[Glivchuk] Зміщення тексту ""РЕФОРМИ"" в розділі "" Медична реформа"" в вікні ""Про Міністерство""",new,open,
0001584,QA31,Rivne,,low,major,always,,General,2023-12-17,,,,public,2023-12-17,"[Glivchuk] Повідомлення ""Сталася помилка."" в банері ""карта"" в розділі ""Контакти""",new,open,
0001583,QA31,Rivne,,normal,minor,always,,General,2023-12-17,,,,public,2023-12-17,"[Glivchuk] Кнопки ""звернення мовою жестів"" та ""Чат"" в правому нижньому кутку вікна незмінюють колір, при перемиканні перемикача",new,open,
0001582,QA31,Rivne,,normal,minor,always,,General,2023-12-17,,,,public,2023-12-17,"[Glivchuk] Текст ""Докладно"" зливається з фоном кнопки при натисненні перемикача ""змінити на чорно-білий""на головній сторінці",new,open,
0001581,QA31,Marina,,normal,major,always,,General,2023-12-17,,,,public,2023-12-17,"[ Marina Munteanu ]  Відсутність інформації у розділі ""НАЦІОНАЛЬНА РАДА З ПИТАНЬ ПРОТИДІЇ ТУБЕРКУЛЬОЗУ ТА ВІЛ/СНІД""",new,open,
0001580,QA31,Marina,,high,major,always,,General,2023-12-17,,,,public,2023-12-17,[ Marina Munteanu ]  Недоступність інтерактивного помічника під час української локалізації,new,open,
0001579,QA31,student_qa311_4,,normal,minor,always,,General,2023-12-17,,,,public,2023-12-17,"Ошибка 404 при переходе в раздел ""Державний нагляд (контроль)"" находящийся в футтере сайта",new,open,
0001578,QA31,student_qa311_4,,normal,major,always,,General,2023-12-17,,,,public,2023-12-17,"Исчезает название кнопки ""Докладніше"" при переходе в режим ""Чорно-Білий"" на слайде ""ДОПОМОГА УКРАЇНСЬКИМ МЕДИКАМ ТА АРМІЇ""",new,open,
0001577,QA31,student_qa311_4,,high,major,always,,General,2023-12-17,,,,public,2023-12-17,"Конфликт функций ""Для людей з порушенням зору"" и ""Змінити на синій""",new,open,
0001576,QA31,student_qa311_4,,low,trivial,always,,General,2023-12-17,,,,public,2023-12-17,Наложение одного текста на другой в названиях ссылок ведущих к дополнительной информации в блоках информационных статей,new,open,
0001575,QA31,student_qa311_4,,high,minor,always,,General,2023-12-17,,,,public,2023-12-17,"Не загружаются гугл карты в разделе ""Контакты""",new,open,
0001574,QA31,student_qa311_4,,low,minor,have not tried,,General,2023-12-17,,,,public,2023-12-17,"Окно поиска перестаёт открываться при многократном нажатии на кнопку ""Поиск"" в хеддере сайта",new,open,
0001573,QA31,student_qa311_4,,normal,minor,always,,General,2023-12-17,,,,public,2023-12-17,"Цвет кнопки ""Поиск"" сливается с фоном сайта в хеддере и слабозаметен",new,open,
0001572,QA31,student_qa311_4,,high,major,have not tried,,General,2023-12-14,,,,public,2023-12-14,Пользователь может зарегестрироваться под несуществующей электронной почтой.,new,open,
0001571,QA31,Zhuk,,normal,minor,always,,General,2023-12-13,Windows 10 Pro,,,public,2023-12-13,[Zhukova] Ошибка 404 при открытии  ЗАПИТАННЯ ТА ВІДПОВІДІ в разделе Медичним працівникам,new,open,
0001570,QA31,Zhuk,,low,text,always,,General,2023-12-13,Windows 10 Pro,22H2,,public,2023-12-13,[Zhukova] Ошибка 404 при переходе по ссылке в тексте раздела МЕДИЧНИМ ПРАЦІВНИКАМ,new,open,
0001569,QA31,Zhuk,,low,minor,always,,General,2023-12-13,Windows 10 Pro,22H2,,public,2023-12-13,[Zhukova] Наложение графики сайта на текст в разделе Реєстри,new,open,
0001568,QA31,Zhuk,,high,major,always,,General,2023-12-13,Windows 10 Pro,22H2,,public,2023-12-13,"[Zhukova] Ошибка 404 при открытии страницы ""Державний нагляд (контроль)""",new,open,
0001567,QA31,Zhuk,,low,text,always,,General,2023-12-13,Windows 10 Pro,22H2,,public,2023-12-13,"[Zhukova] Шаблон запроса ""повідомлення про корупцію"" написано с маленькой буквы",new,open,
0001566,QA31,Zhuk,,normal,minor,always,,General,2023-12-13,Windows 10 Pro,22H2,,public,2023-12-13,Ошибка загрузки карт Гугл в разделе Контакты,new,open,
0001565,QA31,Zhuk,,normal,tweak,always,,General,2023-12-13,Windows 10 Pro,22H2,,public,2023-12-13,[Zhukova]Пропадает текст на вкладке ДОКЛАДНІШЕ в разделе ДОПОМОГА УКРАЇНСЬКИМ МЕДИКАМ ТА АРМІЇ при переходе на черно-белый режим,new,open,
0001564,QA31,Aleksandr123,,high,minor,always,,General,2023-12-13,,,,public,2023-12-13,[Tarasenko] Наложение верстки.,new,open,
0001445,QA31,Aleksandr123,,normal,tweak,always,,General,2023-12-09,,,,public,2023-12-13,[Tarasenko] Наложение верстки.,new,open,
0001563,QA31,Aleksandr123,,normal,minor,always,,General,2023-12-13,,,,public,2023-12-13,[Tarasenko] Ошибка 404 в поисковой строке,new,open,
0001562,QA31,Aleksandr123,,normal,minor,always,,General,2023-12-13,,,,public,2023-12-13,"[Tarasenko] Не отображается текст ""Перейти до довідника"" при черно-белом форматировании шрифта в разделе ""Контакты"".",new,open,
0001561,QA31,Aleksandr123,,high,major,always,,General,2023-12-13,,,,public,2023-12-13,"[Tarasenko] Отсутствует форма обратной связи для Англоязычных граждан в разделе ""Контакты"".",new,open,
0001560,QA31,Aleksandr123,,normal,tweak,always,,General,2023-12-13,,,,public,2023-12-13,[Tarasenko] Не корректное отображение информационных блоков в header при смене языка.,new,open,
0001559,QA31,Aleksandr123,,normal,tweak,always,,General,2023-12-13,,,,public,2023-12-13,"[Tarasenko] Не отображает карту в ссылке ""Контакты"".",new,open,
0001558,QA31,Aleksandr123,,normal,minor,always,,General,2023-12-13,,,,public,2023-12-13,"[Tarasenko] Выдает ошибку в виде кода, при переходе на информационный блок ""Контакты""",new,open,
0001557,QA31,manchinipeter,,high,major,always,,General,2023-12-12,,,,public,2023-12-12,[NOVOSOLOV] Недействительны ВСЕ ссылки учебных заведений в разделе Education > Educational Institutions в локализации ENG,new,open,
0001556,QA31,manchinipeter,,low,minor,always,,General,2023-12-12,,,,public,2023-12-12,[NOVOSOLOV] Присутствует заглушка search_btn на кнопке поиска на странице результатов поиска в локализации ENG,new,open,
0001555,QA31,manchinipeter,,high,major,always,,General,2023-12-12,,,,public,2023-12-12,[NOVOSOLOV] Точка не соответствует физическому адресу на карте в разделе For Patients > Affordable Medicines в локализации ENG,new,open,
0001554,QA31,manchinipeter,,low,minor,always,,General,2023-12-12,,,,public,2023-12-12,[NOVOSOLOV] Первая новость не соответствует хронологии в разделе News в локализации ENG,new,open,
0001553,QA31,Godin V,,high,major,unable to reproduce,,General,2023-12-12,,,,public,2023-12-12,[Годин Валерий] Не прорисовывается карта мира игры.,new,open,
0001552,QA31,Godin V,,normal,trivial,unable to reproduce,,General,2023-12-12,,,,public,2023-12-12,[Годин Валерий] Ошибка «InvalidRequest» на вкладке «Инвентарь» в окне управления персонажем.,new,open,
0001551,QA31,Godin V,,normal,trivial,always,,General,2023-12-12,,,,public,2023-12-12,[Годин Валерий] Вылет игры на экран авторизации.,new,open,
0001550,QA31,Godin V,,normal,trivial,always,,General,2023-12-12,,,,public,2023-12-12,[Годин Валерий] Фиксированное значение счётчика времени на вкладке «Приключение».,new,open,
0001549,QA31,Godin V,,normal,trivial,always,,General,2023-12-12,,,,public,2023-12-12,[Годин Валерий] Неправильное отображение лимита ресурса «зерно».,new,open,
0001548,QA31,Godin V,,normal,trivial,always,,General,2023-12-12,,,,public,2023-12-12,"[Годин Валерий] Не работает механика игры «Присоединение к королевству», описанная в справке по игре.",new,open,
0001547,QA31,Godin V,,low,trivial,always,,General,2023-12-12,,,,public,2023-12-12,Годин Валерий] Не изменяется цвет бровей персонажа в панели изменения внешности персонажа.,new,open,
0001546,QA31,Godin V,,high,major,always,,General,2023-12-12,,,,public,2023-12-12,[Годин Валерий] Ошибка валидации – пароль при регистрации.,new,open,
0001545,QA31,Godin V,,high,major,always,,General,2023-12-12,,,,public,2023-12-12,[Годин Валерий] Ошибка валидации – электронная почта при регистрации.,new,open,
0001544,QA31,manchinipeter,,high,major,always,,General,2023-12-12,,,,public,2023-12-12,[NOVOSOLOV] Контент Strategy в разделе About the Ministry не актуален в локализации ENG,new,open,
0001543,QA31,manchinipeter,,low,minor,always,,General,2023-12-12,,,,public,2023-12-12,[NOVOSOLOV] Присутствует заглушка sitemap_label в названии в разделе Sitemap в локализации ENG,new,open,
0001542,QA31,manchinipeter,,high,major,always,,General,2023-12-12,,,,public,2023-12-12,[NOVOSOLOV] Карта Google недоступна в разделе Контакты,new,open,
0001541,QA31,Tani,,normal,minor,have not tried,,General,2023-12-12,,,,public,2023-12-12,"[Kliarska Tetiana] ""Страницу не найдено"" при выборе перевода страницы на другой язык в меню """"Наука""",new,open,
0001540,QA31,Natasia Rudenko,,normal,tweak,always,,General,2023-12-12,,,,public,2023-12-12,[Руденко]Не найдена страница  при изменении локализации на английский язык,new,open,
0001539,QA31,Rivne,,low,minor,always,,General,2023-12-12,,,,public,2023-12-12,"[Glivchuk] Пошук без введення символів, в хедері на головній сторінці",new,open,
0001538,QA31,AlexQA31,,low,trivial,always,,General,2023-12-12,Windows 10 Pro,22H2,Windows,public,2023-12-12,[Шостенко] Не корректно указаны данные о нас в футере в английской локализации,new,open,
0001537,QA31,Svitlana,,low,trivial,always,,General,2023-12-12,,,,public,2023-12-12,[Ляшенко]Год копирайта сайта в английской локализации не соответствует текущему (2023),new,open,
0001536,QA31,manchinipeter,,low,minor,always,,General,2023-12-12,,,,public,2023-12-12,[NOVOSOLOV] Ссылка Google+ работает некорректно,new,open,
0001535,QA31,Godin V,,high,trivial,always,,General,2023-12-12,Windows 10 Pro,64 bit.,PC,public,2023-12-12,"[Годин Валерий] Отсутствует страница ""Бюджет та закупівлі"" в английской локализации сайта.",new,open,
0001534,QA31,AlexQA31,,high,major,always,,General,2023-12-12,Windows 10 Pro,22H2,Windows,public,2023-12-12,"[Шостенко] Отсутствует английская локализация раздела ""О нас""",new,open,
0001533,QA31,manchinipeter,,low,minor,always,,General,2023-12-12,,,,public,2023-12-12,[NOVOSOLOV] Каталог сайта имеет избыточную глубину структуры в локализации EN,new,open,
0001532,QA31,Natasia Rudenko,,low,trivial,always,,General,2023-12-12,,,,public,2023-12-12,"[Руденко] Активные графические артефакты, не имеющие адреса, обновляют страницу при нажатии",new,open,
0001531,QA31,Zhuk,,normal,tweak,always,,General,2023-12-12,,,,public,2023-12-12,[Zhukova] Отсутствует наполнение подраздела Вступна кампанія 2023 року/Освітні центри,new,open,
0001530,QA31,Viktor,,high,major,have not tried,,General,2023-12-12,,,,public,2023-12-12,[Kolesnik] Не существует страницы при переводе на английский язык. Контактная информация. Подразделы МОН.,new,open,
0001529,QA31,student_qa311_4,,high,major,always,,General,2023-12-12,,,,public,2023-12-12,"Не функциональна кнопка ""пошук"" в версии сайта для людей с проблемами зрения.",new,open,
0001528,QA31,Zhuk,,low,minor,always,,General,2023-12-12,,,,public,2023-12-12,[Zhukova] Визуальные артефакты в хедере сайта при открытии разделов,new,open,
0001527,QA31,AlexQA31,,low,minor,always,,General,2023-12-12,Windows 10 Pro,22H2,Windows,public,2023-12-12,"[Шостенко] Битые ссылки раздела ""Часто шукають"" в поиске",new,open,
0001526,QA31,Akulova Anastasiia,,normal,tweak,have not tried,,General,2023-12-12,,,,public,2023-12-12,[Акулова] Не работает поисковая строка при переходе с главной страницы в разделы,new,open,
0001525,QA31,Svitlana,,normal,minor,always,,General,2023-12-12,,,,public,2023-12-12,[Ляшенко]Новость отображается на румынском языке в английской локализации,new,open,
0001524,QA31,manchinipeter,,normal,major,always,,General,2023-12-12,,,,public,2023-12-12,[NOVOSOLOV] Локализация переключается с EN на UA самостоятельно при осуществлении поиска,new,open,
0001523,QA31,Rivne,,normal,minor,always,,General,2023-12-12,,,,public,2023-12-12,"[Glivchuk]  Сторінка ""ДОСТУП ДО ПУБЛІЧНОЇ ІНФОРМАЦІЇ"" відсутня в англійській локалізації",new,open,
0001522,QA31,Marina,,low,trivial,always,,General,2023-12-12,,,,public,2023-12-12,[ Marina Munteanu ]  В розділі про освіту деяка інформація перекривається з розділом про типи матеріалів.,new,open,
0001521,QA31,Godin V,,normal,tweak,always,,General,2023-12-12,Windows 10 Professiona,64 bit,PC,public,2023-12-12,[Годин Валерий] Не загружается страница министерства в Instagram,new,open,
0001520,QA31,Aleksandr123,,normal,tweak,always,,General,2023-12-12,,,,public,2023-12-12,"[Tarasenko] Наложение элемента ""Поиск"" на Заглавную надпись при увеличении масштаба",new,open,
0001519,QA31,student_qa311_4,,high,major,have not tried,,General,2023-12-12,,,,public,2023-12-12,Фон контента страницы перекрывает якоря со ссылками на информацию различных категорий в хеддере.,new,open,
0001518,QA31,Zhuk,,low,minor,always,,General,2023-12-12,,,,public,2023-12-12,[Zhukova] Отсутствует предполагаемое фото в разделе новости,new,open,
0001517,QA31,Svitlana,,normal,minor,always,,General,2023-12-12,,,,public,2023-12-12,"[Ляшенко] Закрыта нижняя часть хедера сайта на странице ""СТАНДАРТИ ВИЩОЇ ОСВІТИ""",new,open,
0001516,QA31,manchinipeter,,normal,minor,have not tried,,General,2023-12-12,,,,public,2023-12-12,[NOVOSOLOV] Некликабельны ссылки во всплывающем окне при нажатии на кнопку поиска,new,open,
0001513,QA31,A,,normal,minor,have not tried,,General,2023-12-12,,,,public,2023-12-12,"{Алина} не активна кнопка ""Пошук"" на главной странице при выборе версии для людей с нарушением зрения",new,open,
0001515,QA31,Rivne,,normal,minor,always,,General,2023-12-12,,,,public,2023-12-12,"[Glivchuk] Відсутні посилання в англійській локалізації, на сторінці ""Educational indicators (Dashboard)""",new,open,
0001514,QA31,Natasia Rudenko,,low,trivial,always,,General,2023-12-12,,,,public,2023-12-12,[Руденко] Не корректный значок телеграмма на панели предлагаемых социальных сетей,new,open,
0001512,QA31,manchinipeter,,low,minor,always,,General,2023-12-12,,,,public,2023-12-12,"[NOVOSOLOV] Поисковый запрос корректный, но превышающий определенное значение обрабатывается некорректно в хедере главной страни",new,open,
0001511,QA31,valera1,,high,major,always,,General,2023-12-12,,,,public,2023-12-12,"[Горин] Не кликабельная кнопка при английской локализации ""Learning English A1-B1""",new,open,
0001508,QA31,Tani,,high,minor,always,,General,2023-12-12,,,,public,2023-12-12,[Kliarska Tetiana] Отсутствует перевод на выбранный язык (укр),new,open,
0001510,QA31,AlexQA31,,low,minor,always,,General,2023-12-12,Windows 10 Pro,22H2,Windows,public,2023-12-12,[Шостенко] Не реагирует на нажатие функция поиска в украинской локализации,new,open,
0001509,QA31,Akulova Anastasiia,,high,tweak,have not tried,,General,2023-12-12,,,,public,2023-12-12,[Акулова] Нет возможности подписаться на рассылку новостей,new,open,
0001507,QA31,Zhuk,,low,minor,always,,General,2023-12-12,,,,public,2023-12-12,Ошибка при переходе на ссылку Гугл в разделе ВСТУПНА КАМПАНІЯ 2023 РОКУ,new,open,
0001506,QA31,student_qa311_4,,high,minor,have not tried,,General,2023-12-12,,,,public,2023-12-12,Цвет текста выбора локализации сайта плохо видим (серый цвет текста на симем фоне) в хедере сайта справа,new,open,
0001505,QA31,Aleksandr123,,normal,tweak,always,,General,2023-12-12,,,,public,2023-12-12,[Tarasenko] Не корректное поведение поисковой строки,new,open,
0001504,QA31,valera1,,normal,minor,always,,General,2023-12-12,,,,public,2023-12-12,"[Горин] В тексте ""Розклад освітнього Хабу в Вінниці"" присутствует наложение текста на таблицу е > мапи хабів > Вінниця",new,open,
0001503,QA31,Rivne,,normal,minor,always,,General,2023-12-12,,,,public,2023-12-12,"[Glivchuk] Значок не існуйочої соціальної мережі ""Твітер"" в футері",new,open,
0001502,QA31,manchinipeter,,low,minor,always,,General,2023-12-12,,,,public,2023-12-12,[NOVOSOLOV] Ссылка номера телефона имеют вид mailto в футере главной страницы,new,open,
0001501,QA31,AlexQA31,,normal,minor,have not tried,,General,2023-12-12,Windows 10 Pro,22H2,Windows,public,2023-12-12,[Шостенко] Не переведено название министерства в английской локализации,new,open,
0001500,QA31,Svitlana,,high,major,always,,General,2023-12-12,,,,public,2023-12-12,"""Page not found"" при переходе на английскую локализацию сайта",new,open,
0001498,QA31,valera1,,high,minor,have not tried,,General,2023-12-12,,,,public,2023-12-12,[Горин] В названии королевства присутствует возможность не называть королевство,new,open,
0001497,QA31,Rivne,,normal,minor,have not tried,,General,2023-12-11,,,,public,2023-12-11,"[Glivchuk] Неклікабельне поле ""Ставка"" в вікні ""Аукціон"" на початкових стадіях гри",new,open,
0001496,QA31,valera1,,high,minor,sometimes,,General,2023-12-11,,,,public,2023-12-11,[Горин] Возможность пропустить подтверждение почты при помощи введения кода подтверждения,new,open,
0001495,QA31,valera1,,high,major,have not tried,,General,2023-12-11,,,,public,2023-12-11,[Горин] Возможность зарегистрироваться под несуществующей почтой,new,open,
0001494,QA31,Rivne,,normal,trivial,always,,General,2023-12-11,,,,public,2023-12-11,"[Glivchuk] Введення спецсимволів в строці ""или добавить заметку"" в вікні ""Отметить поле""",new,open,
0001493,QA31,valera1,,normal,minor,have not tried,,General,2023-12-11,,,,public,2023-12-11,"[Горин] В игре название войск называется ""Вурвур""",new,open,
0001492,QA31,manchinipeter,,high,major,N/A,,General,2023-12-11,,,,public,2023-12-11,"[NOVOSOLOV] Диалоговое окно ""Ошибка"" при регистрации при выборе зоны UK",new,open,
0001491,QA31,Rivne,,low,minor,always,,General,2023-12-11,,,,public,2023-12-11,[Glivchuk] Неможливість обрати бороду жіночому персонажу в вікні кастомізації персонажа,new,open,
0001490,QA31,manchinipeter,,normal,minor,always,,General,2023-12-11,,,,public,2023-12-11,"[NOVOSOLOV] Диалоговое окно ""Заметки"" не имеет явных ограничений в количестве символов для ввода",new,open,
0001489,QA31,manchinipeter,,low,minor,always,,General,2023-12-11,,,,public,2023-12-11,[NOVOSOLOV] Открывается лобби при подтверждении кода электронной почты,new,open,
0001488,QA31,manchinipeter,,low,minor,always,,General,2023-12-11,,,,public,2023-12-11,"[NOVOSOLOV] Поле ввода имени снова появляется и является пустым после нажатия на кнопку ""?""",new,open,
0001487,QA31,Rivne,,low,trivial,always,,General,2023-12-11,,,,public,2023-12-11,"[Glivchuk] Можливість назвати поселення спецсимволами в вікні ""Головна будівля""",new,open,
0001486,QA31,manchinipeter,,normal,minor,always,,General,2023-12-11,,,,public,2023-12-11,"[NOVOSOLOV] Диалоговое окно ""Регистрация"" после прохождения туториала возможно закрыть",new,open,
0001484,QA31,valera1,,high,major,have not tried,,General,2023-12-11,,,,public,2023-12-11,[Акулова] игра выдает ошибку при регистрации с немецкой локализации через браузер Opera,new,open,
0001483,QA31,manchinipeter,,normal,minor,always,,General,2023-12-11,,,,public,2023-12-11,"[NOVOSOLOV] Название ""Регистрация"" при входе на Вики не соответствует функции кнопки в диалоговом окне",new,open,
0001481,QA31,manchinipeter,,normal,minor,always,,General,2023-12-11,,,,public,2023-12-11,[NOVOSOLOV] Диалоговое окно помощь на экране регистрации закрывается автоматически появлением реплики NPC,new,open,
0001480,QA31,manchinipeter,,low,minor,always,,General,2023-12-11,,,,public,2023-12-11,Ссылка Положение о защите данных в футере главной страницы открывает документ на английском языке,new,open,
0001478,QA31,manchinipeter,,low,minor,always,,General,2023-12-11,,,,public,2023-12-11,[NOVOSOLOV] Ссылка Rail Nation в футере главной страницы ведет на пустой документ,new,open,
0001476,QA31,Rivne,,low,minor,always,,General,2023-12-11,,,,public,2023-12-11,"[Glivchuk] Некоректне центрування картинки в вікні ""Важное системное сообщение""",new,open,
0001475,QA31,AlexQA31,,low,trivial,random,,General,2023-12-11,Windows 10 Pro,22H2,Windows,public,2023-12-11,"[Шостенко] Счетчик ""Отчеты"" в игре работает не корректоно",new,open,
0001474,QA31,Rivne,,urgent,block,always,,General,2023-12-11,,,,public,2023-12-11,"[Glivchuk] Вікно ""An error occurred"" при спробі зареєструвати нового користувача у вікні реєстрації",new,open,
0001473,QA31,AlexQA31,,high,minor,always,,General,2023-12-11,Windows 10 Pro,22H2,Windows,public,2023-12-11,[Шостенко]Ошибка при регистрации с US локализацией,new,open,
0001472,QA31,AlexQA31,,normal,minor,always,,General,2023-12-11,Windows 10 Pro,22H2,Windows,public,2023-12-11,"[Шостенко]Функция ""Пригласить друга"" работает не корректно",new,open,
0001471,QA31,AlexQA31,,low,trivial,always,,General,2023-12-11,Windows 10 Pro,22H2,Windows,public,2023-12-11,Курсор появляется возле игрового указателя-подсказки,new,open,
0001470,QA31,student_qa311_4,,high,major,always,,General,2023-12-11,,,,public,2023-12-11,"Невозможно зарегестрировать нового иргока при выборе ""International"" локализации",new,open,
0001469,QA31,student_qa311_4,,low,minor,always,,General,2023-12-11,,,,public,2023-12-11,"Не отображается логотип игры в разделе ""Вики"" слева вверху",new,open,
0001468,QA31,Zhuk,,low,minor,sometimes,,General,2023-12-11,,,,public,2023-12-11,Появляется окно регистрации при входе в Travian Kingdoms Wiki,new,open,
0001467,QA31,Marina,,low,trivial,always,,General,2023-12-11,,,,public,2023-12-11,"[ Marina Munteanu ]   Проблема з розташуванням тексту в Travian Kingdoms Wiki у розділі  ""Герой""",new,open,
0001466,QA31,Marina,,immediate,block,unable to reproduce,,General,2023-12-11,,,,public,2023-12-11,[ Marina Munteanu ]  Не можливо зареєструватись при англійській локалізації,new,open,
0001465,QA31,Marina,,low,trivial,always,,General,2023-12-11,,,,public,2023-12-11,"[ Marina Munteanu ]  Відсутність тултипу для ""Вікі"" на арені ігри",new,open,
0001464,QA31,Marina,,high,major,have not tried,,General,2023-12-11,,,,public,2023-12-11,"[ Marina Munteanu ]  Автоматичне перемикання мови при виборі меню  на сторінці  ""Travian Kingdoms Wiki""",new,open,
0001463,QA31,Svitlana,,urgent,crash,always,,General,2023-12-11,,,,public,2023-12-11,"Отображается ошибка HTTP ERROR 500 при переходе по ссылке ""Rail Nation"" с украинских, американских, английских IP",new,open,
0001462,QA31,Marina,,high,major,always,,General,2023-12-11,,,,public,2023-12-11,[ Marina Munteanu ] Відсутня інформація про героя в іспанській локалізації,new,open,
0001461,QA31,Svitlana,,high,major,always,,General,2023-12-11,,,,public,2023-12-11,"Битая ссылка в разделе ""Королевства"" при турецкой локализации",new,open,
0001460,QA31,Svitlana,,normal,minor,always,,General,2023-12-11,,,,public,2023-12-11,"Автоматически выбирается испанский при переходе в раздел ""Tribes"" Вики английской локализации",new,open,
0001459,QA31,Svitlana,,low,trivial,always,,General,2023-12-11,,,,public,2023-12-11,"Название блоков ""Menu"" и ""Page Menu"" в ""Вики"" не переводятся с английского на другие языки",new,open,
0001458,QA31,Svitlana,,normal,trivial,always,,General,2023-12-11,,,,public,2023-12-11,"Не загружается изображение в хедере ""Вики""",new,open,
0001457,QA31,Svitlana,,normal,trivial,always,,General,2023-12-11,,,,public,2023-12-11,"Новость ""Maintenance on 30th of November"" не переводится с английского на другие языки",new,open,
0001456,QA31,Svitlana,,low,trivial,always,,General,2023-12-11,,,,public,2023-12-11,Текст ссылки в новости выходит за пределы новостного блока в российской локализации,new,open,
0001455,QA31,Svitlana,,normal,minor,always,,General,2023-12-11,,,,public,2023-12-11,Тип и правила игрового мира COM4 отображаются строками кода,new,open,
0001454,QA31,Svitlana,,normal,minor,always,,General,2023-12-11,,,,public,2023-12-11,"Строка из кода видна при наведении на символ ""i"" в рекомендуемых игровых мирах",new,open,
0001453,QA31,Svitlana,,high,crash,always,,General,2023-12-11,,,,public,2023-12-11,Регистрация нового аккаунта невозможна при выборе локализации United States или United Kingdom,new,open,
0001452,QA31,Marina,,high,text,always,,General,2023-12-10,,,,public,2023-12-10,[ Marina Munteanu ] Проблема з перекладом кнопок ''button'' у розділі ''Вікі'' під арабською локалізацією,new,open,
0001451,QA31,Marina,,low,minor,always,,General,2023-12-09,,,,public,2023-12-09,"[ Marina Munteanu ]  Наявність зайвого знаку ""%"" у тексті",new,open,
0001450,QA31,Aleksandr123,,normal,tweak,always,,General,2023-12-09,,,,public,2023-12-09,"[Tarasenko] Отправление запроса ""Добавить друга"" несуществующему нику.",new,open,
0001449,QA31,Aleksandr123,,low,tweak,always,,General,2023-12-09,,,,public,2023-12-09,"[Tarasenko] Не отображает tooltip ""Вики"".",new,open,
0001448,QA31,Aleksandr123,,low,tweak,always,,General,2023-12-09,,,,public,2023-12-09,[Tarasenko] Не корректное копирование картинки.,new,open,
0001446,QA31,Aleksandr123,,low,tweak,always,,General,2023-12-09,,,,public,2023-12-09,"[Tarasenko] Не упорядоченное отображение  заметок ""Блокнота"".",new,open,
0001447,QA31,Marina,,high,major,always,,General,2023-12-09,,,,public,2023-12-09,"[ Marina Munteanu ]Неперекладений текст в розділі ""Новини Kingdoms"" під час арабської локалізації.",new,open,
0001444,QA31,Aleksandr123,,normal,tweak,always,,General,2023-12-09,,,,public,2023-12-09,[Tarasenko] Масштаб не отображает первоначальное состояние.,new,open,
0001442,QA31,Aleksandr123,,high,major,always,,General,2023-12-09,,,,public,2023-12-09,[Tarasenko] Сбой микротранзакции.,new,open,
0001443,QA31,Aleksandr123,,normal,tweak,always,,General,2023-12-09,,,,public,2023-12-09,"[Tarasenko]  Отсутствуют настройки клавиатуры, ""Горячие клавиши"".",new,open,
0001441,QA31,Aleksandr123,,low,tweak,sometimes,,General,2023-12-09,,,,public,2023-12-09,[Tarasenko] В header не отображает work area.,new,open,
0001439,QA31,Aleksandr123,,high,major,always,,General,2023-12-09,,,,public,2023-12-09,[Tarasenko] Не отображает элементы управления,new,open,
0001440,QA31,Aleksandr123,,low,tweak,always,,General,2023-12-09,,,,public,2023-12-09,[Tarasenko]  Изображение выходит за пределы экрана,new,open,
0001438,QA31,Tani,,high,tweak,sometimes,,General,2023-12-09,,,,public,2023-12-09,[Kliarska Tetiana] Во время прохождения игры всплывает окно регистрации,new,open,
0001437,QA31,Tani,,normal,major,always,,General,2023-12-09,,,,public,2023-12-09,"[Kliarska Tetiana] Отсутствует перевод на русский язык меню ""Forum""",new,open,
0001436,QA31,Tani,,normal,minor,have not tried,,General,2023-12-09,,,,public,2023-12-09,"[Kliarska Tetiana] Отсутствует должное количество выбора языка в ""Help Center"" на странице Лобби",new,open,
0001435,QA31,Tani,,normal,tweak,always,,General,2023-12-09,,,,public,2023-12-09,"[Kliarska Tetiana]  Присутствует неполный перевод русского языка в шапке страницы ""Лобби""",new,open,
0001434,QA31,Tani,,normal,text,always,,General,2023-12-09,,,,public,2023-12-09,[Kliarska Tetiana] Текст ссылки выходит за пределы границ  в новостях лобби,new,open,
0001433,QA31,Marina,,high,major,always,,General,2023-12-09,,,,public,2023-12-09,"[ Marina Munteanu ] Тексти перекривають один одного у розділі ""Ігровий світ"" незалежно від вибраної мови",new,open,
0001432,QA31,Marina,,low,minor,always,,General,2023-12-09,,,,public,2023-12-09,"Текст в розділі ""Новини Kingdoms"" виходить за межі видимого елемента при використанні російської локалізації.",new,open,
0001431,QA31,Tani,,normal,tweak,always,,General,2023-12-09,,,,public,2023-12-09,"[Kliarska Tetiana] Нет возможности закрыть окно ""Зарегистрироваться с помощью....""",new,open,
0001430,QA31,Tani,,normal,tweak,have not tried,,General,2023-12-09,,,,public,2023-12-09,"Нет возможности выйти из меню ""Построить деревню"" (сделать шаг назад)",new,open,
0001429,QA31,Natasia Rudenko,,normal,minor,always,,General,2023-12-09,,,,public,2023-12-09,"Неполная локализация страницы ""Настройки конфиденциальности""",new,open,
0001428,QA31,Natasia Rudenko,,low,minor,always,,General,2023-12-08,,,,public,2023-12-08,на странице Аватар в сообщениях системы отсутствует локализация,new,open,
0001427,QA31,Natasia Rudenko,,normal,major,always,,General,2023-12-08,,,,public,2023-12-08,при открытии основной страницы форума происходит частичная локализация,new,open,
0001426,QA31,Natasia Rudenko,,normal,tweak,always,,General,2023-12-08,,,,public,2023-12-08,При переходе по ссылке на главную страницу Вики в хеддере происходит переход на английскую версию страницы.,new,open,
0001425,QA31,Natasia Rudenko,,low,minor,always,,General,2023-12-08,,,,public,2023-12-08,Не отображается логотип игры в хеддере на странице Вики,new,open,
0001424,QA31,Natasia Rudenko,,low,minor,always,,General,2023-12-08,,,,public,2023-12-08,"неполная локализация страницы Вики ""Дань, сокровища и сундуки с ценностями""",new,open,
0001423,QA31,Zhuk,,low,tweak,always,,General,2023-12-08,,,,public,2023-12-08,Невозможно закрыть открытый чат,new,open,
0001422,QA31,Zhuk,,normal,minor,have not tried,,General,2023-12-08,,,,public,2023-12-08,Нет возможности изменить шрифты на курсив или подчеркнутый текст  в блокноте,new,open,
0001421,QA31,Zhuk,,normal,major,always,,General,2023-12-08,,,,public,2023-12-08,Нет возможности зарегистрироваться в разделе Discord с корректными данными для регистрации,new,open,
0001420,QA31,Zhuk,,normal,tweak,always,,General,2023-12-08,,,,public,2023-12-08,"Нет возможности вернуться к игре с вкладки ""Показать все новости""",new,open,
0001419,QA31,Zhuk,,low,text,always,,General,2023-12-08,,,,public,2023-12-08,Частичный перевод при русской локализации,new,open,
0001418,QA31,Zhuk,,low,tweak,always,,General,2023-12-08,,,,public,2023-12-08,"Вместо переключения вкладок в разделе ""Показать все новости""  открывается новые вкладки в браузере",new,open,
0001417,QA31,Zhuk,,normal,tweak,always,,General,2023-12-08,,,,public,2023-12-08,Нет возможности зарегистрироваться без подписки на рассылку,new,open,
0001416,QA31,Zhuk,,high,major,sometimes,,General,2023-12-08,,,,public,2023-12-08,Выбрасывает из игры при получении награды,new,open,
0001415,QA31,Zhuk,,low,minor,always,,General,2023-12-08,,,,public,2023-12-08,Не выполняется переход на вкладки Travian Kingdoms Wiki,new,open,
0001414,QA31,Natasia Rudenko,,normal,tweak,always,,General,2023-12-08,,,,public,2023-12-08,"Проблемы с локализацией при переходе по ссылке ""влияние"" на странице Вики",new,open,
0001413,QA31,Natasia Rudenko,,normal,minor,always,,General,2023-12-08,,,,public,2023-12-08,"Проблемы с локализацией при переходе по ссылке ""влияние"" на странице Вики",new,open,
0001412,QA31,Natasia Rudenko,,low,text,always,,General,2023-12-08,,,,public,2023-12-08,не совпадает локализация значков в панели слева на странице помощи и поддержки,new,open,
0001411,QA31,Natasia Rudenko,,normal,text,always,,General,2023-12-08,,,,public,2023-12-08,Регистрация на сайте происходит латиницей при российской локализации на кириллице,new,open,
0001410,QA31,Natasia Rudenko,,normal,tweak,always,,General,2023-12-08,,,,public,2023-12-08,Открытие неправильной вкладки при нажатии правой клавиши на ссылку  Help Center,new,open,
0001409,QA31,valera1,,normal,minor,have not tried,,General,2023-12-07,,,,public,2023-12-07,"[Годин Валерий] Отображение неправильного логотипа Facebook в левой части главной страницы в блоке ссылок ""Мы в социальных сетях",new,open,
0001407,QA31,valera1,,normal,minor,have not tried,,General,2023-12-05,Windows,Windows 10 Pro,PC,public,2023-12-06,[Годин Валерий] Отображение кнопки входа в личный кабинет.,new,open,
0001408,QA31,student_qa311_4,,low,minor,always,,General,2023-12-06,,,,public,2023-12-06,"Наложение одного текста на другой в поле ""Тип игрового мира"" в блоке ""Информация о игровом мире"" на странице ""Игровой Мир -СОМ4""",new,open,
0001406,QA31,Marina,,normal,major,always,,General,2023-12-05,,,,public,2023-12-05,"[Мунтяну] Відсутність  логотипу Facebook в розділі ""Ми в соціальних мережах""  в боковому меню зліва під вибором категорій",new,open,
0001405,QA31,valera1,,normal,trivial,have not tried,,General,2023-12-05,,,,public,2023-12-05,Акулова иконка фейсбук,new,open,
0001404,QA31,valera1,,normal,minor,random,,General,2023-12-05,,,,public,2023-12-05,[Rudenko]  Логотип Facebook указан неправильно в перечне ссылок на социальные сети в левой части сайта,new,open,
0001403,QA31,Rivne,,normal,major,always,,General,2023-12-05,,,,public,2023-12-05,"[Glivchuk]Відсутній значок ""Фейсбук"" в кнопці переходу до сторінки ""Розетки"" в соціальної мережі",new,open,
0001402,QA31,valera1,,low,trivial,always,,General,2023-12-05,,,,public,2023-12-05,"[Гольник] Логотип социальной сети ""Facebook"" в блоке ""Ми в соціальних мережах"" отображён без фирменной буквы ""f""",new,open,
0001401,QA31,valera1,,normal,major,always,,General,2023-12-05,,,,public,2023-12-05,"[Tarasenko]  Отсутствует символ ""F"" на логотипе ""Facebook""",new,open,
0001400,QA31,Viktor,,normal,minor,always,,General,2023-12-05,,,,public,2023-12-05,"[Колесник]  Боковая панель. В окне ""Мы в социальных сетях"" . В иконке социальной сети ""Facebook"". Отсутствует в кружке буква F.",new,open,
0001399,QA31,valera1,,normal,minor,have not tried,,General,2023-12-05,,,,public,2023-12-05,"[Kliarska Tetiana] Отсутствует логотип ""Фейсбука"" в меню ""Мы с социальных сетях"" слева внизу сайта",new,open,
0001398,QA31,valera1,,low,trivial,always,,General,2023-12-05,,,,public,2023-12-05,"[Шостенко] Отсутствует логотип Facebook в разделе ""Мы в социальных сетях"" слева под основным меню сайта",new,open,
0001397,QA31,valera1,,low,trivial,sometimes,,General,2023-12-05,,,,public,2023-12-05,"[Zhukova] Неверно  изображен логотип Facebook в разделе ""Мы в социальных сетях""",new,open,
0001396,QA31,valera1,,high,trivial,always,,General,2023-12-05,,,,public,2023-12-05,"[Горин] Логотип ""Facebook"" отсутствует в разделе ""Соціальні мережі"" в левой части главной страницы",new,open,
0001395,QA31,valera1,,low,minor,always,,General,2023-12-05,,,,public,2023-12-05,"[Новосьолов] Логотип ""Facebook"" отсутствует в блоке ""Ми в соціальних мережах""",new,open,
0001394,QA31,valera1,,normal,trivial,always,,General,2023-12-05,,,,public,2023-12-05,"[Ляшенко]Отсутствует логотип ""Facebook"" на кнопке левой части на  главной странице сайта",new,open,
0001391,QA31,Viktor,,normal,minor,always,,General,2023-12-05,,,,public,2023-12-05,"В боковой панели. В окне ""Добро пожаловать"". Отсутствует  кнопка "" Войти в личный кабинет""",new,open,
0001389,QA31,valera1,,high,minor,always,,General,2023-12-05,,,,public,2023-12-05,"[Tarasenko]  Отсутствует кнопка  ""Войти в личный кабинет""",new,open,
0001392,QA31,Marina,,low,text,always,,General,2023-12-05,,,,public,2023-12-05,"Перевірка наявності кнопки ""Увійдіть в обліковий запис"" в боковому меню",new,open,
0001390,QA31,valera1,,normal,minor,always,,General,2023-12-05,,,,public,2023-12-05,"(Гольник) Отсутствует кнопка ""Увійдіть в особистий кабінет"" на главной странице сайта https://rozetka.com.ua/",new,open,
0001388,QA31,valera1,,high,minor,have not tried,,General,2023-12-05,,,,public,2023-12-05,Kliarska Tetiana,new,open,
0001387,QA31,valera1,,high,feature,sometimes,,General,2023-12-05,,,,public,2023-12-05,"[Zhukova]  Отсутствует кнопка  ""Войдите в личный кабинет"" в левом блоке главной страницы сайта",new,open,
0001386,QA31,valera1,,high,major,random,,General,2023-12-05,Windows 10,,,public,2023-12-05,Rudenko,new,open,
0001385,QA31,valera1,,high,major,always,,General,2023-12-05,Windows 10,19045.3693,PC,public,2023-12-05,"[Новосьолов] Кнопка ""Увійдіть в особистий кабінет"" отсутствует после текста ""Увійдіть, щоб отримувати ....""",new,open,
0001384,QA31,valera1,,high,major,always,,General,2023-12-05,,,,public,2023-12-05,[Ляшенко]Отсутствует кнопка входа в Личный Кабинет в левой части сайта https://rozetka.com.ua/,new,open,
0001383,QA31,valera1,,normal,major,random,,General,2023-12-05,,,,public,2023-12-05,(Горин) Поле авторизации не отображается в левой части главной страницы под каталогом товаров,new,open,
0001382,QA31,Rivne,,normal,major,have not tried,,General,2023-12-05,,,,public,2023-12-05,"Відсутня кнопка ""Увійдіть в обліковий запис"" в боковому меню зліва, під вибором категорій",new,open,
0001381,QA31,valera1,,urgent,block,always,,General,2023-12-05,,,,public,2023-12-05,"(ШостенкоА) нет кнопки кнопки ""Войдите в личный кабинет"" слева под меню сайта",new,open,
0001380,QA31,valera1,,normal,minor,always,,General,2023-12-05,,,,public,2023-12-05,Subject,new,open,
0001325,QA31,Yulia,,low,trivial,always,,General,2023-07-21,,,,public,2023-07-21,"Банер частково перекриває іконки соцмереж в розділі ""SPA-apps""",new,open,
0001324,QA31,Yulia,,low,text,always,,General,2023-07-21,,,,public,2023-07-21,"В назві фреймворка ""React,js"" стоїть кома замість крапки в підрозділі ""КАК УСТРОЕНЫ PWA-ПРИЛОЖЕНИЯ"" розділу ""PWA-apps""",new,open,
0001323,QA31,Yulia,,low,trivial,always,,General,2023-07-21,,,,public,2023-07-21,"Прапор на логотипі сайту перекриває основний текст розділу ""Разработка сайтов""",new,open,
0001322,QA31,Yulia,,normal,minor,always,,General,2023-07-19,,,,public,2023-07-19,"Відсутній лінк у терміні ""Android"" в розділі ""F.A.Q.""",new,open,
0001321,QA31,Yulia,,low,text,have not tried,,General,2023-07-19,,,,public,2023-07-19,"Помилка в слові ""Andriod"" в розділі ""F.A.Q.""",new,open,
0001320,QA31,Yulia,,high,minor,always,,General,2023-07-19,,,,public,2023-07-19,[L10n] Відсутня локалізація вікна для зв'язку при виборі локалізації EN на головній сторінці,new,open,
0001319,QA31,Yulia,,normal,minor,always,,General,2023-07-19,,,,public,2023-07-19,"[L10n] Змінюється розташування іконок соцмереж і месенджерів в футері при застосуванні локалізації UA в розділі ""ПОРТФОЛИО""",new,open,
0001318,QA31,Yulia,,normal,minor,always,,General,2023-07-19,,,,public,2023-07-19,"[L10n] Локалізація з EN змінюється на RU при переході до ""DASHBOARDS DESIGN"" розділу ""Prototyping Software UX""",new,open,
0001315,QA31,Yulia,,normal,minor,always,,General,2023-07-19,,,,public,2023-07-19,"[L10n] Відсутня локалізація UA кнопки ""СЛЕДУЙТЕ В INSTAGRAM"" в розділі ""СТРІЧКА""",new,open,
0001314,QA31,Yulia,,normal,minor,always,,General,2023-07-19,,,,public,2023-07-19,"[L10n] Відсутня локалізація назви розділу ""EXPERIENCE"" при виборі локалізації UA на головній сторінці",new,open,
0001313,QA31,Elena,,normal,minor,always,,General,2023-07-18,,,,public,2023-07-18,Ошибка локализации при переходе на другую страницу,new,open,
0001312,QA31,Elena,,normal,minor,always,,General,2023-07-18,,,,public,2023-07-18,Смешанная локализация в разделе “FEED”,new,open,
0001311,QA31,Elena,,normal,minor,always,,General,2023-07-18,,,,public,2023-07-18,Отсутствие валидации при заполнении формы обратной связи в футере на главной странице,new,open,
0001310,QA31,Elena,,normal,minor,always,,General,2023-07-18,,,,public,2023-07-18,Ошибка локализации при переходе на другую страницу,new,open,
0001309,QA31,Elena,,normal,minor,always,,General,2023-07-18,,,,public,2023-07-18,Нет возможности вернуться на главную страницу сайта,new,open,
0001308,QA31,Elena,,normal,minor,always,,General,2023-07-18,,,,public,2023-07-18,Отсутствие валидации при оформлении заявки на бесплатные курсы программирования,new,open,
0001307,QA31,Elena,,normal,major,always,,General,2023-07-18,,,,public,2023-07-18,Отсутствие уведомления о перенаправлении в другое приложение при переходе в Skype в окне формы обратной связи в футере,new,open,
0001306,QA31,Elena,,high,major,always,,General,2023-07-18,,,,public,2023-07-18,Отсутствие уведомления о перенаправлении в другое приложение при переходе в Viber в окне формы обратной связи в футере,new,open,
0001305,QA31,Elena,,normal,minor,always,,General,2023-07-18,,,,public,2023-07-18,Смешанная локализация в разделе отзывов на главной странице,new,open,
0001304,QA31,Elena,,normal,minor,always,,General,2023-07-18,,,,public,2023-07-18,Ошибка локализации в форме обратной связи в футере страницы,new,open,
0001303,QA31,Elena Gusarenko123,,normal,minor,always,,General,2023-07-18,,,,public,2023-07-18,"[L10N] Отсутствует EN локализация имен сотрудников в блоке ""VUE.JS DEVELOPER"" в разделе ""Outstaffing""",new,open,
0001301,QA31,Elena Gusarenko123,,normal,minor,always,,General,2023-07-18,,,,public,2023-07-18,"[L10N] Частичная EN локализация в разделе ""Логистика и транспорт""",new,open,
0001300,QA31,Elena Gusarenko123,,normal,minor,always,,General,2023-07-18,,,,public,2023-07-18,"[ L10N] Отсутствует EN локализация при регистрации на курс в разделе ""Courses""",new,open,
0001299,QA31,Elena Gusarenko123,,normal,minor,always,,General,2023-07-18,,,,public,2023-07-18,"[ L10N] Отсутствует EN  локализация при выборе ""Backend developers"" в разделе ""Outstaffing""",new,open,
0001298,QA31,Elena Gusarenko123,,normal,minor,always,,General,2023-07-18,,,,public,2023-07-18,"[ L10N] Отсутствует UA  локализация комментариев в разделе ""Що про нас кажуть наші клієнти""",new,open,
0001297,QA31,Elena Gusarenko123,,high,major,always,,General,2023-07-18,,,,public,2023-07-18,"[Гусаренко] Ошибка ""Страница не найдена"" при переходе в Google Play для загрузки приложения Bazar.club",new,open,
0001296,QA31,Elena Gusarenko123,,normal,text,always,,General,2023-07-18,,,,public,2023-07-18,"[Гусаренко] Грамматическая ошибка при UA локализации в слове ""Программист""в 8 вакансие в разделе ""Вакансії""",new,open,
0001295,QA31,Elena Gusarenko123,,normal,text,always,,General,2023-07-18,,,,public,2023-07-18,"[Гусаренко] Грамматическая ошибка при UA локализации в слове ""Программист"" в разделе ""Вакансії""",new,open,
0001294,QA31,Elena Gusarenko123,,normal,minor,always,,General,2023-07-17,,,,public,2023-07-17,"[Гусаренко] Отсутствует валидация в форме ввода телефона  в разделе ""Расчет стоимости"" в хедере",new,open,
0001293,QA31,Elena Gusarenko123,,low,text,always,,General,2023-07-17,,,,public,2023-07-17,"[Гусаренко] Грамматическая ошибка в слове ""Виберите"" в разделе ""Расчет стоимости"" в хедере",new,open,
0001260,QA31,Spacearth,,normal,minor,always,,General,2023-07-05,,,,public,2023-07-05,Отсутствует правая нить крепления крайней колбасы справа над барной стойкой,new,open,
0001259,QA31,Vishn567890,,normal,minor,always,,General,2023-07-05,,,,public,2023-07-05,[Вишнивецкая]Текстура музыкального инструмента перекрывает тексуру громофона в левой части изображения,new,open,
0001258,QA31,Yulia,,normal,minor,always,,General,2023-07-05,,,,public,2023-07-05,[Болкун] Мішок висить в повітрі перед стоячим на підлозі стільцем в правій нижній частині картинки,new,open,
0001257,QA31,Elena,,normal,minor,always,,General,2023-07-05,,,,public,2023-07-05,Дужка звезды висит рядом с шеей чучела кабана  расположенного в хедере,new,open,
0001256,QA31,demich7,,low,minor,unable to reproduce,,General,2023-07-05,,,,public,2023-07-05,"Наложение изображения ""Балалайка перекрывает граммофон""",new,open,
0001255,QA31,Olena1409,,normal,minor,always,,General,2023-07-05,,,,public,2023-07-05,Штопор висить у повітрі над барною стійкою в header/rigth,new,open,
0001254,QA31,Elena Gusarenko123,,normal,minor,always,,General,2023-07-05,,,,public,2023-07-05,Расположение глиняного горшка по центру на стойке,new,open,
0001253,QA31,Vishn567890,,normal,minor,always,,General,2023-07-05,,,,public,2023-07-05,[Вишнивецкая]Текстура дверей перекрывает текстуру отверстия для ключа в дверном замке,new,open,
0001252,QA31,PanZerA,,low,trivial,always,,General,2023-07-05,,,,public,2023-07-05,Нарушена перспектива в изображении пивного бочонка в правой части барной стойки.,new,open,
0001251,QA31,Elena,,normal,minor,always,,General,2023-07-05,,,,public,2023-07-05,Изображение метлы наложено на изображение трубки от волынки справа в футере,new,open,
0001250,QA31,Olena1409,,normal,minor,always,,General,2023-07-05,,,,public,2023-07-05,"Перекриття об*єкта ""мітла"" на задньому плані, об*єкт ""волинка"" на передьому плані",new,open,
0001249,QA31,CUD,,normal,minor,always,,General,2023-07-05,,,,public,2023-07-05,Замок висит в воздухе внизу по центру барной стойки.,new,open,
0001248,QA31,Yulia,,normal,minor,always,,General,2023-07-05,,,,public,2023-07-05,[Болкун] Лісові горіхи непропорційно великі відносно стільця в правій нижній частині картинки,new,open,
0001247,QA31,Zhdana,,normal,trivial,always,,General,2023-07-05,,,,public,2023-07-05,"Сокира не зафіксована над барною стійкою, висить в повітрі",new,open,
0001246,QA31,Elena Gusarenko123,,normal,minor,always,,General,2023-07-05,,,,public,2023-07-05,Наложение мешка по центру на стул ножки,new,open,
0001244,QA31,PanZerA,,low,trivial,always,,General,2023-07-05,,,,public,2023-07-05,Слияние текстур ручки топора и деревянной отделки,new,open,
0001245,QA31,Olena1409,,normal,minor,always,,General,2023-07-05,,,,public,2023-07-05,Солонка висить у повітрі у правій стороні зображення,new,open,
0001243,QA31,CUD,,normal,minor,have not tried,,General,2023-07-05,,,,public,2023-07-05,Штопор весит в воздухе посредине в хедер.,new,open,
0001242,QA31,demich7,,high,major,always,,General,2023-07-05,,,,public,2023-07-05,"Серьга ""звезда"" находится в воздухе дальше уха",new,open,
0001241,QA31,Spacearth,,normal,minor,always,,General,2023-07-05,,,,public,2023-07-05,Соломка находится снаружи от деревянного стакана в футере картины на ближнем столике.,new,open,
0001240,QA31,Elena,,normal,minor,always,,General,2023-07-05,,,,public,2023-07-05,Наслоение изображения крысы на изображение ножки стула между двумя столами,new,open,
0001239,QA31,Vishn567890,,normal,minor,always,,General,2023-07-05,,,,public,2023-07-05,"[Вишнивецкая]Текстура стрелы не зафиксирована в текстуре стены , находится вне ее ,в правой части изображения над барной стойкой",new,open,
0001238,QA31,Yulia,,normal,minor,always,,General,2023-07-05,,,,public,2023-07-05,[Болкун] Деревяна дошка для нарізання висить в повітрі,new,open,
0001232,QA31,Elena,,normal,minor,have not tried,,General,2023-07-05,,,,public,2023-07-05,По центру изображения слева от бочки солонка висит в воздухе,new,open,
0001237,QA31,Zhdana,,high,major,always,,General,2023-07-05,,,,public,2023-07-05,Сільничка висить в повітрі з-заду правого стола,new,open,
0001236,QA31,PanZerA,,low,trivial,always,,General,2023-07-05,,,,public,2023-07-05,Солонка парит в воздухе по центру изображения на контрастном фоне,new,open,
0001231,QA31,CUD,,normal,minor,always,,General,2023-07-05,,,,public,2023-07-05,Ключи висят в воздухе за клыком на голове кабана слева вверху.,new,open,
0001235,QA31,Elena Gusarenko123,,normal,minor,have not tried,,General,2023-07-05,,,,public,2023-07-05,[Гусаренко] Не корректно расположение мыши на стуле слева,new,open,
0001234,QA31,Olena1409,,normal,tweak,always,,General,2023-07-05,,,,public,2023-07-05,"Перекриття об*єкта ""палиця"",  перекриває дерев*яну кружку, яка розташована на передньому плані",new,open,
0001233,QA31,Vishn567890,,normal,minor,always,,General,2023-07-05,,,,public,2023-07-05,Текстура банки висит в воздухе по центру изображения,new,open,
0001230,QA31,demich7,,low,minor,have not tried,,General,2023-07-05,,,,public,2023-07-05,Грязный отпечаток руки на окне,new,open,
0001228,QA31,Yulia,,normal,minor,always,,General,2023-07-05,,,,public,2023-07-05,"[Болкун] Надпис на вікні розташовано в звичайному, а не дзеркальному вигляді",new,open,
0001229,QA31,PanZerA,,low,trivial,always,,General,2023-07-05,,,,public,2023-07-05,Отпечаток руки явно бросается в глаза из-за контраста,new,open,
0001227,QA31,Vishn567890,,normal,minor,have not tried,,General,2023-07-05,,,,public,2023-07-05,Текстура мешка висит в воздухе,new,open,
0001225,QA31,Zhdana,,normal,major,unable to reproduce,,General,2023-07-05,,,,public,2023-07-05,Ніж висить в повітрі біля ніжки лівого стола,new,open,
0001226,QA31,Elena,,normal,minor,have not tried,,General,2023-07-05,,,,public,2023-07-05,Наслоение изображения трости на столе в футере,new,open,
0001224,QA31,PanZerA,,low,trivial,always,,General,2023-07-05,,,,public,2023-07-05,Нечёткое изображение фигуры по центру стола,new,open,
